"branch","row_id","company_identifier","account_identifier","campaign_identifier","adset_identifier","creative_identifier","active_status","active_status_source","campaign_status","adset_status","spend","purchases","impressions","roas","cpa","recent_roas","recent_cpa","recent_purchases","recent_impressions","long90_roas","active_benchmark_scope","active_benchmark_label","active_benchmark_roas","active_benchmark_cpa","peer_median_spend","account_baseline","campaign_baseline","source_provenance_flags","context_flags","source_artifact_generated_at","source_artifact_window_start","source_artifact_window_end"
"pr65","company-01|company-01-account-01|company-01-campaign-01|company-01-adset-01|company-01-creative-01","company-01","company-01-account-01","company-01-campaign-01","company-01-adset-01","company-01-creative-01","true","campaign_and_adset","ACTIVE","ACTIVE","1666.45","58","624143","5.17","28.73","6.37","25.33","18","210553","3.76","account","Account-wide","3.42","45.26","174.79","{""scope"":""account"",""reliability"":""strong"",""sampleSize"":19,""creativeCount"":34,""eligibleCreativeCount"":19,""spendBasis"":7979.98,""purchaseBasis"":198,""weightedRoas"":4.55,""weightedCpa"":40.3,""medianRoas"":3.42,""medianCpa"":45.26,""medianSpend"":174.79,""missingContext"":[]}",,"{""evidenceSource"":""live"",""trustState"":""live_confident"",""previewWindow"":""ready"",""baselineReliability"":""strong""}","{""campaignContextLimited"":false,""deploymentCompatibility"":""compatible"",""deploymentTargetLane"":null,""commercialTruthTargetPackConfigured"":false,""commercialTruthMissingInputs"":[""Target pack is not configured yet."",""Country economics are not configured for the live decision window."",""Site health and stock pressure constraints are not configured.""],""businessValidationStatus"":""missing""}","2026-04-25T22:20:32.480Z","2026-03-27","2026-04-25"
"pr65","company-01|company-01-account-01|company-01-campaign-02|company-01-adset-02|company-01-creative-02","company-01","company-01-account-01","company-01-campaign-02","company-01-adset-02","company-01-creative-02","true","campaign_and_adset","ACTIVE","ACTIVE","823.81","21","82642","4.47","39.23","1.68","64.79","3","19938","3.59","account","Account-wide","3.42","45.26","174.79","{""scope"":""account"",""reliability"":""strong"",""sampleSize"":19,""creativeCount"":34,""eligibleCreativeCount"":19,""spendBasis"":8822.62,""purchaseBasis"":235,""weightedRoas"":4.68,""weightedCpa"":37.54,""medianRoas"":3.42,""medianCpa"":45.26,""medianSpend"":174.79,""missingContext"":[]}",,"{""evidenceSource"":""live"",""trustState"":""degraded_missing_truth"",""previewWindow"":""ready"",""baselineReliability"":""strong""}","{""campaignContextLimited"":false,""deploymentCompatibility"":""limited"",""deploymentTargetLane"":""Validation"",""commercialTruthTargetPackConfigured"":false,""commercialTruthMissingInputs"":[""Target pack is not configured yet."",""Country economics are not configured for the live decision window."",""Site health and stock pressure constraints are not configured.""],""businessValidationStatus"":""missing""}","2026-04-25T22:20:32.480Z","2026-03-27","2026-04-25"
"pr65","company-01|company-01-account-01|company-01-campaign-02|company-01-adset-03|company-01-creative-03","company-01","company-01-account-01","company-01-campaign-02","company-01-adset-03","company-01-creative-03","true","campaign_and_adset","ACTIVE","ACTIVE","452.08","8","31157","2.48","56.51","2.44","55.48","2","6958","2.48","account","Account-wide","3.46","43.08","174.79","{""scope"":""account"",""reliability"":""strong"",""sampleSize"":19,""creativeCount"":34,""eligibleCreativeCount"":19,""spendBasis"":9194.35,""purchaseBasis"":248,""weightedRoas"":4.77,""weightedCpa"":37.07,""medianRoas"":3.46,""medianCpa"":43.08,""medianSpend"":174.79,""missingContext"":[]}",,"{""evidenceSource"":""live"",""trustState"":""live_confident"",""previewWindow"":""ready"",""baselineReliability"":""strong""}","{""campaignContextLimited"":false,""deploymentCompatibility"":""compatible"",""deploymentTargetLane"":null,""commercialTruthTargetPackConfigured"":false,""commercialTruthMissingInputs"":[""Target pack is not configured yet."",""Country economics are not configured for the live decision window."",""Site health and stock pressure constraints are not configured.""],""businessValidationStatus"":""missing""}","2026-04-25T22:20:32.480Z","2026-03-27","2026-04-25"
"pr65","company-01|company-01-account-01|company-01-campaign-02|company-01-adset-04|company-01-creative-04","company-01","company-01-account-01","company-01-campaign-02","company-01-adset-04","company-01-creative-04","true","campaign_and_adset","ACTIVE","ACTIVE","408.26","13","51787","3.42","31.4","4.2","29.42","4","13560","2.86","account","Account-wide","3.46","45.26","174.79","{""scope"":""account"",""reliability"":""strong"",""sampleSize"":19,""creativeCount"":34,""eligibleCreativeCount"":19,""spendBasis"":9238.17,""purchaseBasis"":243,""weightedRoas"":4.71,""weightedCpa"":38.02,""medianRoas"":3.46,""medianCpa"":45.26,""medianSpend"":174.79,""missingContext"":[]}",,"{""evidenceSource"":""live"",""trustState"":""live_confident"",""previewWindow"":""ready"",""baselineReliability"":""strong""}","{""campaignContextLimited"":false,""deploymentCompatibility"":""compatible"",""deploymentTargetLane"":null,""commercialTruthTargetPackConfigured"":false,""commercialTruthMissingInputs"":[""Target pack is not configured yet."",""Country economics are not configured for the live decision window."",""Site health and stock pressure constraints are not configured.""],""businessValidationStatus"":""missing""}","2026-04-25T22:20:32.480Z","2026-03-27","2026-04-25"
"pr65","company-01|company-01-account-01|company-01-campaign-02|company-01-adset-05|company-01-creative-05","company-01","company-01-account-01","company-01-campaign-02","company-01-adset-05","company-01-creative-05","true","campaign_and_adset","ACTIVE","ACTIVE","349.14","18","38517","9.18","19.4","7.97","21.12","6","12766","7.19","account","Account-wide","3.42","45.26","174.79","{""scope"":""account"",""reliability"":""strong"",""sampleSize"":19,""creativeCount"":34,""eligibleCreativeCount"":19,""spendBasis"":9297.29,""purchaseBasis"":238,""weightedRoas"":4.49,""weightedCpa"":39.06,""medianRoas"":3.42,""medianCpa"":45.26,""medianSpend"":174.79,""missingContext"":[]}",,"{""evidenceSource"":""live"",""trustState"":""live_confident"",""previewWindow"":""ready"",""baselineReliability"":""strong""}","{""campaignContextLimited"":false,""deploymentCompatibility"":""limited"",""deploymentTargetLane"":""Scaling"",""commercialTruthTargetPackConfigured"":false,""commercialTruthMissingInputs"":[""Target pack is not configured yet."",""Country economics are not configured for the live decision window."",""Site health and stock pressure constraints are not configured.""],""businessValidationStatus"":""missing""}","2026-04-25T22:20:32.480Z","2026-03-27","2026-04-25"
"pr65","company-01|company-01-account-01|company-01-campaign-03|company-01-adset-06|company-01-creative-06","company-01","company-01-account-01","company-01-campaign-03","company-01-adset-06","company-01-creative-06","true","campaign_and_adset","ACTIVE","ACTIVE","279.77","0","90929","0","0","0","0","0","20365","0","account","Account-wide","3.44","44.17","261.96","{""scope"":""account"",""reliability"":""strong"",""sampleSize"":20,""creativeCount"":34,""eligibleCreativeCount"":20,""spendBasis"":9646.43,""purchaseBasis"":256,""weightedRoas"":4.66,""weightedCpa"":37.68,""medianRoas"":3.44,""medianCpa"":44.17,""medianSpend"":261.96,""missingContext"":[]}",,"{""evidenceSource"":""live"",""trustState"":""degraded_missing_truth"",""previewWindow"":""ready"",""baselineReliability"":""strong""}","{""campaignContextLimited"":false,""deploymentCompatibility"":""limited"",""deploymentTargetLane"":""Validation"",""commercialTruthTargetPackConfigured"":false,""commercialTruthMissingInputs"":[""Target pack is not configured yet."",""Country economics are not configured for the live decision window."",""Site health and stock pressure constraints are not configured.""],""businessValidationStatus"":""missing""}","2026-04-25T22:20:32.480Z","2026-03-27","2026-04-25"
"pr65","company-01|company-01-account-01|company-01-campaign-03|company-01-adset-06|company-01-creative-07","company-01","company-01-account-01","company-01-campaign-03","company-01-adset-06","company-01-creative-07","true","campaign_and_adset","ACTIVE","ACTIVE","241.32","0","158396","0","0",,,,,"2.45","account","Account-wide","3.44","44.17","261.96","{""scope"":""account"",""reliability"":""strong"",""sampleSize"":20,""creativeCount"":34,""eligibleCreativeCount"":20,""spendBasis"":9646.43,""purchaseBasis"":256,""weightedRoas"":4.66,""weightedCpa"":37.68,""medianRoas"":3.44,""medianCpa"":44.17,""medianSpend"":261.96,""missingContext"":[]}",,"{""evidenceSource"":""live"",""trustState"":""degraded_missing_truth"",""previewWindow"":""ready"",""baselineReliability"":""strong""}","{""campaignContextLimited"":false,""deploymentCompatibility"":""limited"",""deploymentTargetLane"":""Validation"",""commercialTruthTargetPackConfigured"":false,""commercialTruthMissingInputs"":[""Target pack is not configured yet."",""Country economics are not configured for the live decision window."",""Site health and stock pressure constraints are not configured.""],""businessValidationStatus"":""missing""}","2026-04-25T22:20:32.480Z","2026-03-27","2026-04-25"
"pr65","company-01|company-01-account-01|company-01-campaign-02|company-01-adset-05|company-01-creative-08","company-01","company-01-account-01","company-01-campaign-02","company-01-adset-05","company-01-creative-08","true","campaign_and_adset","ACTIVE","ACTIVE","174.79","2","25779","1.75","87.4","7.88","26.87","1","2884","1.75","account","Account-wide","3.46","43.08","349.14","{""scope"":""account"",""reliability"":""strong"",""sampleSize"":19,""creativeCount"":34,""eligibleCreativeCount"":19,""spendBasis"":9471.64,""purchaseBasis"":254,""weightedRoas"":4.71,""weightedCpa"":37.29,""medianRoas"":3.46,""medianCpa"":43.08,""medianSpend"":349.14,""missingContext"":[]}",,"{""evidenceSource"":""live"",""trustState"":""live_confident"",""previewWindow"":""ready"",""baselineReliability"":""strong""}","{""campaignContextLimited"":false,""deploymentCompatibility"":""compatible"",""deploymentTargetLane"":null,""commercialTruthTargetPackConfigured"":false,""commercialTruthMissingInputs"":[""Target pack is not configured yet."",""Country economics are not configured for the live decision window."",""Site health and stock pressure constraints are not configured.""],""businessValidationStatus"":""missing""}","2026-04-25T22:20:32.480Z","2026-03-27","2026-04-25"
"pr65","company-01|company-01-account-01|company-01-campaign-02|company-01-adset-05|company-01-creative-09","company-01","company-01-account-01","company-01-campaign-02","company-01-adset-05","company-01-creative-09","true","campaign_and_adset","ACTIVE","ACTIVE","151.5","3","30775","3.59","50.5","16.61","14.35","1","2478","3.59","account","Account-wide","3.42","43.08","349.14","{""scope"":""account"",""reliability"":""strong"",""sampleSize"":19,""creativeCount"":34,""eligibleCreativeCount"":19,""spendBasis"":9494.93,""purchaseBasis"":253,""weightedRoas"":4.68,""weightedCpa"":37.53,""medianRoas"":3.42,""medianCpa"":43.08,""medianSpend"":349.14,""missingContext"":[]}",,"{""evidenceSource"":""live"",""trustState"":""live_confident"",""previewWindow"":""ready"",""baselineReliability"":""strong""}","{""campaignContextLimited"":false,""deploymentCompatibility"":""compatible"",""deploymentTargetLane"":null,""commercialTruthTargetPackConfigured"":false,""commercialTruthMissingInputs"":[""Target pack is not configured yet."",""Country economics are not configured for the live decision window."",""Site health and stock pressure constraints are not configured.""],""businessValidationStatus"":""missing""}","2026-04-25T22:20:32.480Z","2026-03-27","2026-04-25"
"pr65","company-01|company-01-account-01|company-01-campaign-02|company-01-adset-05|company-01-creative-10","company-01","company-01-account-01","company-01-campaign-02","company-01-adset-05","company-01-creative-10","true","campaign_and_adset","ACTIVE","ACTIVE","129.23","3","6672","3","43.08","0","0","0","834","4.23","account","Account-wide","3.46","45.26","349.14","{""scope"":""account"",""reliability"":""strong"",""sampleSize"":19,""creativeCount"":34,""eligibleCreativeCount"":19,""spendBasis"":9517.2,""purchaseBasis"":253,""weightedRoas"":4.68,""weightedCpa"":37.62,""medianRoas"":3.46,""medianCpa"":45.26,""medianSpend"":349.14,""missingContext"":[]}",,"{""evidenceSource"":""live"",""trustState"":""live_confident"",""previewWindow"":""ready"",""baselineReliability"":""strong""}","{""campaignContextLimited"":false,""deploymentCompatibility"":""compatible"",""deploymentTargetLane"":null,""commercialTruthTargetPackConfigured"":false,""commercialTruthMissingInputs"":[""Target pack is not configured yet."",""Country economics are not configured for the live decision window."",""Site health and stock pressure constraints are not configured.""],""businessValidationStatus"":""missing""}","2026-04-25T22:20:32.480Z","2026-03-27","2026-04-25"
"pr65","company-02|company-02-account-01|company-02-campaign-01|company-02-adset-01|company-02-creative-01","company-02","company-02-account-01","company-02-campaign-01","company-02-adset-01","company-02-creative-01","true","campaign_and_adset","ACTIVE","ACTIVE","3994.1","34","286023","2.13","117.47","1.41","243.6","3","35751","2.4","account","Account-wide","2.91","76.93","750.28","{""scope"":""account"",""reliability"":""medium"",""sampleSize"":5,""creativeCount"":7,""eligibleCreativeCount"":5,""spendBasis"":4121,""purchaseBasis"":54,""weightedRoas"":3.36,""weightedCpa"":76.31,""medianRoas"":2.91,""medianCpa"":76.93,""medianSpend"":750.28,""missingContext"":[]}",,"{""evidenceSource"":""live"",""trustState"":""degraded_missing_truth"",""previewWindow"":""ready"",""baselineReliability"":""medium""}","{""campaignContextLimited"":false,""deploymentCompatibility"":""limited"",""deploymentTargetLane"":""Validation"",""commercialTruthTargetPackConfigured"":true,""commercialTruthMissingInputs"":[""Country economics are not configured for the live decision window."",""Site health and stock pressure constraints are not configured.""],""businessValidationStatus"":""missing""}","2026-04-25T22:20:32.480Z","2026-03-27","2026-04-25"
"pr65","company-02|company-02-account-01|company-02-campaign-01|company-02-adset-01|company-02-creative-02","company-02","company-02-account-01","company-02-campaign-01","company-02-adset-01","company-02-creative-02","true","campaign_and_adset","ACTIVE","ACTIVE","2207.84","19","86287","2.65","116.2","0.93","247.35","1","8556","2.33","account","Account-wide","2.91","76.93","750.28","{""scope"":""account"",""reliability"":""medium"",""sampleSize"":5,""creativeCount"":7,""eligibleCreativeCount"":5,""spendBasis"":5907.26,""purchaseBasis"":69,""weightedRoas"":2.8,""weightedCpa"":85.61,""medianRoas"":2.91,""medianCpa"":76.93,""medianSpend"":750.28,""missingContext"":[]}",,"{""evidenceSource"":""live"",""trustState"":""degraded_missing_truth"",""previewWindow"":""ready"",""baselineReliability"":""medium""}","{""campaignContextLimited"":false,""deploymentCompatibility"":""limited"",""deploymentTargetLane"":""Validation"",""commercialTruthTargetPackConfigured"":true,""commercialTruthMissingInputs"":[""Country economics are not configured for the live decision window."",""Site health and stock pressure constraints are not configured.""],""businessValidationStatus"":""missing""}","2026-04-25T22:20:32.480Z","2026-03-27","2026-04-25"
"pr65","company-02|company-02-account-01|company-02-campaign-01|company-02-adset-01|company-02-creative-03","company-02","company-02-account-01","company-02-campaign-01","company-02-adset-01","company-02-creative-03","true","campaign_and_adset","ACTIVE","ACTIVE","778.2","12","39442","4.22","64.85","9.17","46.33","3","6481","3.21","account","Account-wide","2.65","83.36","750.28","{""scope"":""account"",""reliability"":""medium"",""sampleSize"":5,""creativeCount"":7,""eligibleCreativeCount"":5,""spendBasis"":7336.9,""purchaseBasis"":76,""weightedRoas"":2.6,""weightedCpa"":96.54,""medianRoas"":2.65,""medianCpa"":83.36,""medianSpend"":750.28,""missingContext"":[]}",,"{""evidenceSource"":""live"",""trustState"":""live_confident"",""previewWindow"":""ready"",""baselineReliability"":""medium""}","{""campaignContextLimited"":false,""deploymentCompatibility"":""compatible"",""deploymentTargetLane"":null,""commercialTruthTargetPackConfigured"":true,""commercialTruthMissingInputs"":[""Country economics are not configured for the live decision window."",""Site health and stock pressure constraints are not configured.""],""businessValidationStatus"":""favorable""}","2026-04-25T22:20:32.480Z","2026-03-27","2026-04-25"
"pr65","company-02|company-02-account-01|company-02-campaign-02|company-02-adset-02|company-02-creative-04","company-02","company-02-account-01","company-02-campaign-02","company-02-adset-02","company-02-creative-04","true","campaign_and_adset","ACTIVE","ACTIVE","750.28","9","31682","2.91","83.36","1.92","32.31","1","1325","3.03","account","Account-wide","2.65","76.93","778.2","{""scope"":""account"",""reliability"":""medium"",""sampleSize"":5,""creativeCount"":7,""eligibleCreativeCount"":5,""spendBasis"":7364.82,""purchaseBasis"":79,""weightedRoas"":2.74,""weightedCpa"":93.23,""medianRoas"":2.65,""medianCpa"":76.93,""medianSpend"":778.2,""missingContext"":[]}",,"{""evidenceSource"":""live"",""trustState"":""live_confident"",""previewWindow"":""ready"",""baselineReliability"":""medium""}","{""campaignContextLimited"":false,""deploymentCompatibility"":""compatible"",""deploymentTargetLane"":null,""commercialTruthTargetPackConfigured"":true,""commercialTruthMissingInputs"":[""Country economics are not configured for the live decision window."",""Site health and stock pressure constraints are not configured.""],""businessValidationStatus"":""favorable""}","2026-04-25T22:20:32.480Z","2026-03-27","2026-04-25"
"pr65","company-02|company-02-account-01|company-02-campaign-01|company-02-adset-01|company-02-creative-05","company-02","company-02-account-01","company-02-campaign-01","company-02-adset-01","company-02-creative-05","true","campaign_and_adset","ACTIVE","ACTIVE","316.48","0","8800","0","0","0","0","0","1299","2.07","account","Account-wide","2.78","80.15","764.24","{""scope"":""account"",""reliability"":""strong"",""sampleSize"":6,""creativeCount"":7,""eligibleCreativeCount"":6,""spendBasis"":8115.1,""purchaseBasis"":88,""weightedRoas"":2.76,""weightedCpa"":92.22,""medianRoas"":2.78,""medianCpa"":80.15,""medianSpend"":764.24,""missingContext"":[]}",,"{""evidenceSource"":""live"",""trustState"":""degraded_missing_truth"",""previewWindow"":""ready"",""baselineReliability"":""strong""}","{""campaignContextLimited"":false,""deploymentCompatibility"":""limited"",""deploymentTargetLane"":""Validation"",""commercialTruthTargetPackConfigured"":true,""commercialTruthMissingInputs"":[""Country economics are not configured for the live decision window."",""Site health and stock pressure constraints are not configured.""],""businessValidationStatus"":""missing""}","2026-04-25T22:20:32.480Z","2026-03-27","2026-04-25"
"pr65","company-02|company-02-account-01|company-02-campaign-01|company-02-adset-01|company-02-creative-06","company-02","company-02-account-01","company-02-campaign-01","company-02-adset-01","company-02-creative-06","true","campaign_and_adset","ACTIVE","ACTIVE","307.75","13","32317","7.73","23.67","2.49","64.81","1","5177","5.45","account","Account-wide","2.65","83.36","778.2","{""scope"":""account"",""reliability"":""medium"",""sampleSize"":5,""creativeCount"":7,""eligibleCreativeCount"":5,""spendBasis"":7807.35,""purchaseBasis"":75,""weightedRoas"":2.56,""weightedCpa"":104.1,""medianRoas"":2.65,""medianCpa"":83.36,""medianSpend"":778.2,""missingContext"":[]}",,"{""evidenceSource"":""live"",""trustState"":""live_confident"",""previewWindow"":""ready"",""baselineReliability"":""medium""}","{""campaignContextLimited"":false,""deploymentCompatibility"":""limited"",""deploymentTargetLane"":""Scaling"",""commercialTruthTargetPackConfigured"":true,""commercialTruthMissingInputs"":[""Country economics are not configured for the live decision window."",""Site health and stock pressure constraints are not configured.""],""businessValidationStatus"":""unfavorable""}","2026-04-25T22:20:32.480Z","2026-03-27","2026-04-25"
"pr65","company-02|company-02-account-01|company-02-campaign-03|company-02-adset-03|company-02-creative-07","company-02","company-02-account-01","company-02-campaign-03","company-02-adset-03","company-02-creative-07","false","campaign_and_adset","PAUSED","CAMPAIGN_PAUSED","76.93","1","2151","1.94","76.93","0","0","0","248","1.24","account","Account-wide","2.91","83.36","778.2","{""scope"":""account"",""reliability"":""medium"",""sampleSize"":5,""creativeCount"":7,""eligibleCreativeCount"":5,""spendBasis"":8038.17,""purchaseBasis"":87,""weightedRoas"":2.77,""weightedCpa"":92.39,""medianRoas"":2.91,""medianCpa"":83.36,""medianSpend"":778.2,""missingContext"":[]}",,"{""evidenceSource"":""live"",""trustState"":""degraded_missing_truth"",""previewWindow"":""ready"",""baselineReliability"":""medium""}","{""campaignContextLimited"":false,""deploymentCompatibility"":""limited"",""deploymentTargetLane"":""Validation"",""commercialTruthTargetPackConfigured"":true,""commercialTruthMissingInputs"":[""Country economics are not configured for the live decision window."",""Site health and stock pressure constraints are not configured.""],""businessValidationStatus"":""missing""}","2026-04-25T22:20:32.480Z","2026-03-27","2026-04-25"
"pr65","company-02|company-02-account-01|company-02-campaign-03|company-02-adset-03|company-02-creative-08","company-02","company-02-account-01","company-02-campaign-03","company-02-adset-03","company-02-creative-08","false","campaign_and_adset","PAUSED","CAMPAIGN_PAUSED","48.57","0","1137","0","0","0","0","0","292","5.48","account","Account-wide","2.78","80.15","764.24","{""scope"":""account"",""reliability"":""strong"",""sampleSize"":6,""creativeCount"":7,""eligibleCreativeCount"":6,""spendBasis"":8115.1,""purchaseBasis"":88,""weightedRoas"":2.76,""weightedCpa"":92.22,""medianRoas"":2.78,""medianCpa"":80.15,""medianSpend"":764.24,""missingContext"":[]}",,"{""evidenceSource"":""live"",""trustState"":""degraded_missing_truth"",""previewWindow"":""ready"",""baselineReliability"":""strong""}","{""campaignContextLimited"":false,""deploymentCompatibility"":""limited"",""deploymentTargetLane"":""Validation"",""commercialTruthTargetPackConfigured"":true,""commercialTruthMissingInputs"":[""Country economics are not configured for the live decision window."",""Site health and stock pressure constraints are not configured.""],""businessValidationStatus"":""missing""}","2026-04-25T22:20:32.480Z","2026-03-27","2026-04-25"
"pr65","company-03|company-03-account-01|company-03-campaign-01|company-03-adset-01|company-03-creative-01","company-03","company-03-account-01","company-03-campaign-01","company-03-adset-01","company-03-creative-01","true","campaign_and_adset","ACTIVE","ACTIVE","722.94","3","1440713","0.79","240.98","0","0","0","2848","1.49","account","Account-wide","6.56","20.35","83.85","{""scope"":""account"",""reliability"":""strong"",""sampleSize"":12,""creativeCount"":15,""eligibleCreativeCount"":12,""spendBasis"":1277.62,""purchaseBasis"":53,""weightedRoas"":6.15,""weightedCpa"":24.11,""medianRoas"":6.56,""medianCpa"":20.35,""medianSpend"":83.85,""missingContext"":[]}",,"{""evidenceSource"":""live"",""trustState"":""live_confident"",""previewWindow"":""ready"",""baselineReliability"":""strong""}","{""campaignContextLimited"":false,""deploymentCompatibility"":""compatible"",""deploymentTargetLane"":null,""commercialTruthTargetPackConfigured"":false,""commercialTruthMissingInputs"":[""Target pack is not configured yet."",""Country economics are not configured for the live decision window."",""Site health and stock pressure constraints are not configured.""],""businessValidationStatus"":""missing""}","2026-04-25T22:20:32.480Z","2026-03-27","2026-04-25"
"pr65","company-03|company-03-account-01|company-03-campaign-01|company-03-adset-01|company-03-creative-02","company-03","company-03-account-01","company-03-campaign-01","company-03-adset-01","company-03-creative-02","true","campaign_and_adset","ACTIVE","ACTIVE","388.53","15","182261","6.95","25.9","6.83","25.25","13","156949","6.95","account","Account-wide","6.09","20.35","83.85","{""scope"":""account"",""reliability"":""strong"",""sampleSize"":12,""creativeCount"":15,""eligibleCreativeCount"":12,""spendBasis"":1612.03,""purchaseBasis"":41,""weightedRoas"":3.55,""weightedCpa"":39.32,""medianRoas"":6.09,""medianCpa"":20.35,""medianSpend"":83.85,""missingContext"":[]}",,"{""evidenceSource"":""live"",""trustState"":""live_confident"",""previewWindow"":""ready"",""baselineReliability"":""strong""}","{""campaignContextLimited"":false,""deploymentCompatibility"":""limited"",""deploymentTargetLane"":""Scaling"",""commercialTruthTargetPackConfigured"":false,""commercialTruthMissingInputs"":[""Target pack is not configured yet."",""Country economics are not configured for the live decision window."",""Site health and stock pressure constraints are not configured.""],""businessValidationStatus"":""missing""}","2026-04-25T22:20:32.480Z","2026-03-27","2026-04-25"
"pr65","company-03|company-03-account-01|company-03-campaign-01|company-03-adset-01|company-03-creative-03","company-03","company-03-account-01","company-03-campaign-01","company-03-adset-01","company-03-creative-03","true","campaign_and_adset","ACTIVE","ACTIVE","218.55","10","41323","4.43","21.86","7.35","20.38","4","14729","4.67","account","Account-wide","6.56","20.81","83.85","{""scope"":""account"",""reliability"":""strong"",""sampleSize"":12,""creativeCount"":15,""eligibleCreativeCount"":12,""spendBasis"":1782.01,""purchaseBasis"":46,""weightedRoas"":4.19,""weightedCpa"":38.74,""medianRoas"":6.56,""medianCpa"":20.81,""medianSpend"":83.85,""missingContext"":[]}",,"{""evidenceSource"":""live"",""trustState"":""live_confident"",""previewWindow"":""ready"",""baselineReliability"":""strong""}","{""campaignContextLimited"":false,""deploymentCompatibility"":""limited"",""deploymentTargetLane"":""Scaling"",""commercialTruthTargetPackConfigured"":false,""commercialTruthMissingInputs"":[""Target pack is not configured yet."",""Country economics are not configured for the live decision window."",""Site health and stock pressure constraints are not configured.""],""businessValidationStatus"":""missing""}","2026-04-25T22:20:32.480Z","2026-03-27","2026-04-25"
"pr65","company-03|company-03-account-01|company-03-campaign-01|company-03-adset-01|company-03-creative-04","company-03","company-03-account-01","company-03-campaign-01","company-03-adset-01","company-03-creative-04","true","campaign_and_adset","ACTIVE","ACTIVE","159.39","7","175459","6.17","22.77","10.19","11.09","2","13287","5.2","account","Account-wide","6.48","20.35","83.85","{""scope"":""account"",""reliability"":""strong"",""sampleSize"":12,""creativeCount"":15,""eligibleCreativeCount"":12,""spendBasis"":1841.17,""purchaseBasis"":49,""weightedRoas"":4.04,""weightedCpa"":37.57,""medianRoas"":6.48,""medianCpa"":20.35,""medianSpend"":83.85,""missingContext"":[]}",,"{""evidenceSource"":""live"",""trustState"":""live_confident"",""previewWindow"":""ready"",""baselineReliability"":""strong""}","{""campaignContextLimited"":false,""deploymentCompatibility"":""compatible"",""deploymentTargetLane"":null,""commercialTruthTargetPackConfigured"":false,""commercialTruthMissingInputs"":[""Target pack is not configured yet."",""Country economics are not configured for the live decision window."",""Site health and stock pressure constraints are not configured.""],""businessValidationStatus"":""missing""}","2026-04-25T22:20:32.480Z","2026-03-27","2026-04-25"
"pr65","company-03|company-03-account-01|company-03-campaign-01|company-03-adset-01|company-03-creative-05","company-03","company-03-account-01","company-03-campaign-01","company-03-adset-01","company-03-creative-05","true","campaign_and_adset","ACTIVE","ACTIVE","132.06","1","47687","1.37","132.06","5.67","31.78","1","10188","1.37","account","Account-wide","6.56","20.35","83.85","{""scope"":""account"",""reliability"":""strong"",""sampleSize"":12,""creativeCount"":15,""eligibleCreativeCount"":12,""spendBasis"":1868.5,""purchaseBasis"":55,""weightedRoas"":4.41,""weightedCpa"":33.97,""medianRoas"":6.56,""medianCpa"":20.35,""medianSpend"":83.85,""missingContext"":[]}",,"{""evidenceSource"":""live"",""trustState"":""degraded_missing_truth"",""previewWindow"":""ready"",""baselineReliability"":""strong""}","{""campaignContextLimited"":false,""deploymentCompatibility"":""limited"",""deploymentTargetLane"":""Validation"",""commercialTruthTargetPackConfigured"":false,""commercialTruthMissingInputs"":[""Target pack is not configured yet."",""Country economics are not configured for the live decision window."",""Site health and stock pressure constraints are not configured.""],""businessValidationStatus"":""missing""}","2026-04-25T22:20:32.480Z","2026-03-27","2026-04-25"
"pr65","company-03|company-03-account-01|company-03-campaign-01|company-03-adset-01|company-03-creative-06","company-03","company-03-account-01","company-03-campaign-01","company-03-adset-01","company-03-creative-06","true","campaign_and_adset","ACTIVE","ACTIVE","117.32","5","47692","5.57","23.46","0","0","0","1358","4.54","account","Account-wide","6.56","20.35","83.85","{""scope"":""account"",""reliability"":""strong"",""sampleSize"":12,""creativeCount"":15,""eligibleCreativeCount"":12,""spendBasis"":1883.24,""purchaseBasis"":51,""weightedRoas"":4.13,""weightedCpa"":36.93,""medianRoas"":6.56,""medianCpa"":20.35,""medianSpend"":83.85,""missingContext"":[]}",,"{""evidenceSource"":""live"",""trustState"":""live_confident"",""previewWindow"":""ready"",""baselineReliability"":""strong""}","{""campaignContextLimited"":false,""deploymentCompatibility"":""compatible"",""deploymentTargetLane"":null,""commercialTruthTargetPackConfigured"":false,""commercialTruthMissingInputs"":[""Target pack is not configured yet."",""Country economics are not configured for the live decision window."",""Site health and stock pressure constraints are not configured.""],""businessValidationStatus"":""missing""}","2026-04-25T22:20:32.480Z","2026-03-27","2026-04-25"
"pr65","company-03|company-03-account-01|company-03-campaign-01|company-03-adset-01|company-03-creative-07","company-03","company-03-account-01","company-03-campaign-01","company-03-adset-01","company-03-creative-07","true","campaign_and_adset","ACTIVE","ACTIVE","92.36","4","28827","6.01","23.09","0","0","0","1756","4.23","account","Account-wide","6.56","20.35","96.33","{""scope"":""account"",""reliability"":""strong"",""sampleSize"":12,""creativeCount"":15,""eligibleCreativeCount"":12,""spendBasis"":1908.2,""purchaseBasis"":52,""weightedRoas"":4.13,""weightedCpa"":36.7,""medianRoas"":6.56,""medianCpa"":20.35,""medianSpend"":96.33,""missingContext"":[]}",,"{""evidenceSource"":""live"",""trustState"":""degraded_missing_truth"",""previewWindow"":""ready"",""baselineReliability"":""strong""}","{""campaignContextLimited"":false,""deploymentCompatibility"":""limited"",""deploymentTargetLane"":""Validation"",""commercialTruthTargetPackConfigured"":false,""commercialTruthMissingInputs"":[""Target pack is not configured yet."",""Country economics are not configured for the live decision window."",""Site health and stock pressure constraints are not configured.""],""businessValidationStatus"":""missing""}","2026-04-25T22:20:32.480Z","2026-03-27","2026-04-25"
"pr65","company-03|company-03-account-01|company-03-campaign-01|company-03-adset-01|company-03-creative-08","company-03","company-03-account-01","company-03-campaign-01","company-03-adset-01","company-03-creative-08","true","campaign_and_adset","ACTIVE","ACTIVE","75.35","4","20145","9.3","18.84","6.83","23.87","1","5618","7.47","account","Account-wide","6.09","22.32","104.84","{""scope"":""account"",""reliability"":""strong"",""sampleSize"":12,""creativeCount"":15,""eligibleCreativeCount"":12,""spendBasis"":1925.21,""purchaseBasis"":52,""weightedRoas"":4.01,""weightedCpa"":37.02,""medianRoas"":6.09,""medianCpa"":22.32,""medianSpend"":104.84,""missingContext"":[]}",,"{""evidenceSource"":""live"",""trustState"":""degraded_missing_truth"",""previewWindow"":""ready"",""baselineReliability"":""strong""}","{""campaignContextLimited"":false,""deploymentCompatibility"":""limited"",""deploymentTargetLane"":""Validation"",""commercialTruthTargetPackConfigured"":false,""commercialTruthMissingInputs"":[""Target pack is not configured yet."",""Country economics are not configured for the live decision window."",""Site health and stock pressure constraints are not configured.""],""businessValidationStatus"":""missing""}","2026-04-25T22:20:32.480Z","2026-03-27","2026-04-25"
"pr65","company-03|company-03-account-01|company-03-campaign-01|company-03-adset-01|company-03-creative-09","company-03","company-03-account-01","company-03-campaign-01","company-03-adset-01","company-03-creative-09","true","campaign_and_adset","ACTIVE","ACTIVE","46.85","0","13611","0","0","0","0","0","1737","3.4","account","Account-wide","6.17","21.86","92.36","{""scope"":""account"",""reliability"":""strong"",""sampleSize"":13,""creativeCount"":15,""eligibleCreativeCount"":13,""spendBasis"":2000.56,""purchaseBasis"":56,""weightedRoas"":4.21,""weightedCpa"":35.72,""medianRoas"":6.17,""medianCpa"":21.86,""medianSpend"":92.36,""missingContext"":[]}",,"{""evidenceSource"":""live"",""trustState"":""live_confident"",""previewWindow"":""ready"",""baselineReliability"":""strong""}","{""campaignContextLimited"":false,""deploymentCompatibility"":""compatible"",""deploymentTargetLane"":null,""commercialTruthTargetPackConfigured"":false,""commercialTruthMissingInputs"":[""Target pack is not configured yet."",""Country economics are not configured for the live decision window."",""Site health and stock pressure constraints are not configured.""],""businessValidationStatus"":""missing""}","2026-04-25T22:20:32.480Z","2026-03-27","2026-04-25"
"pr65","company-03|company-03-account-01|company-03-campaign-01|company-03-adset-01|company-03-creative-10","company-03","company-03-account-01","company-03-campaign-01","company-03-adset-01","company-03-creative-10","true","campaign_and_adset","ACTIVE","ACTIVE","29.63","2","8148","8.65","14.82","0","0","0","801","8.39","account","Account-wide","6.09","22.32","104.84","{""scope"":""account"",""reliability"":""strong"",""sampleSize"":12,""creativeCount"":15,""eligibleCreativeCount"":12,""spendBasis"":1970.93,""purchaseBasis"":54,""weightedRoas"":4.15,""weightedCpa"":36.5,""medianRoas"":6.09,""medianCpa"":22.32,""medianSpend"":104.84,""missingContext"":[]}",,"{""evidenceSource"":""live"",""trustState"":""degraded_missing_truth"",""previewWindow"":""ready"",""baselineReliability"":""strong""}","{""campaignContextLimited"":false,""deploymentCompatibility"":""limited"",""deploymentTargetLane"":""Validation"",""commercialTruthTargetPackConfigured"":false,""commercialTruthMissingInputs"":[""Target pack is not configured yet."",""Country economics are not configured for the live decision window."",""Site health and stock pressure constraints are not configured.""],""businessValidationStatus"":""missing""}","2026-04-25T22:20:32.480Z","2026-03-27","2026-04-25"
"pr65","company-04|company-04-account-01|company-04-campaign-01|company-04-adset-01|company-04-creative-01","company-04","company-04-account-01","company-04-campaign-01","company-04-adset-01","company-04-creative-01","true","campaign_and_adset","ACTIVE","ACTIVE","207.63","3","8480","0.8","69.21","0","0","0","29","0.8","account","Account-wide","1.03","57.98","126.39","{""scope"":""account"",""reliability"":""strong"",""sampleSize"":12,""creativeCount"":46,""eligibleCreativeCount"":12,""spendBasis"":2415.05,""purchaseBasis"":44,""weightedRoas"":1.11,""weightedCpa"":54.89,""medianRoas"":1.03,""medianCpa"":57.98,""medianSpend"":126.39,""missingContext"":[]}",,"{""evidenceSource"":""live"",""trustState"":""degraded_missing_truth"",""previewWindow"":""ready"",""baselineReliability"":""strong""}","{""campaignContextLimited"":false,""deploymentCompatibility"":""limited"",""deploymentTargetLane"":""Validation"",""commercialTruthTargetPackConfigured"":false,""commercialTruthMissingInputs"":[""Target pack is not configured yet."",""Country economics are not configured for the live decision window."",""Site health and stock pressure constraints are not configured.""],""businessValidationStatus"":""missing""}","2026-04-25T22:20:32.480Z","2026-03-27","2026-04-25"
"pr65","company-04|company-04-account-01|company-04-campaign-01|company-04-adset-01|company-04-creative-02","company-04","company-04-account-01","company-04-campaign-01","company-04-adset-01","company-04-creative-02","true","campaign_and_adset","ACTIVE","ACTIVE","129.38","2","4988","0.88","64.69","1.21","46.74","2","3403","0.87","account","Account-wide","0.99","60.24","134.22","{""scope"":""account"",""reliability"":""strong"",""sampleSize"":12,""creativeCount"":46,""eligibleCreativeCount"":12,""spendBasis"":2493.3,""purchaseBasis"":45,""weightedRoas"":1.1,""weightedCpa"":55.41,""medianRoas"":0.99,""medianCpa"":60.24,""medianSpend"":134.22,""missingContext"":[]}",,"{""evidenceSource"":""live"",""trustState"":""degraded_missing_truth"",""previewWindow"":""ready"",""baselineReliability"":""strong""}","{""campaignContextLimited"":false,""deploymentCompatibility"":""limited"",""deploymentTargetLane"":""Validation"",""commercialTruthTargetPackConfigured"":false,""commercialTruthMissingInputs"":[""Target pack is not configured yet."",""Country economics are not configured for the live decision window."",""Site health and stock pressure constraints are not configured.""],""businessValidationStatus"":""missing""}","2026-04-25T22:20:32.480Z","2026-03-27","2026-04-25"
"pr65","company-04|company-04-account-01|company-04-campaign-02|company-04-adset-02|company-04-creative-03","company-04","company-04-account-01","company-04-campaign-02","company-04-adset-02","company-04-creative-03","true","campaign_and_adset","ACTIVE","ACTIVE","123.41","5","6534","2.3","24.68","2.16","26.22","4","5724","2.3","account","Account-wide","0.84","66.95","137.2","{""scope"":""account"",""reliability"":""strong"",""sampleSize"":12,""creativeCount"":46,""eligibleCreativeCount"":12,""spendBasis"":2499.27,""purchaseBasis"":42,""weightedRoas"":1.03,""weightedCpa"":59.51,""medianRoas"":0.84,""medianCpa"":66.95,""medianSpend"":137.2,""missingContext"":[]}",,"{""evidenceSource"":""live"",""trustState"":""degraded_missing_truth"",""previewWindow"":""ready"",""baselineReliability"":""strong""}","{""campaignContextLimited"":false,""deploymentCompatibility"":""limited"",""deploymentTargetLane"":""Validation"",""commercialTruthTargetPackConfigured"":false,""commercialTruthMissingInputs"":[""Target pack is not configured yet."",""Country economics are not configured for the live decision window."",""Site health and stock pressure constraints are not configured.""],""businessValidationStatus"":""missing""}","2026-04-25T22:20:32.480Z","2026-03-27","2026-04-25"
"pr65","company-04|company-04-account-01|company-04-campaign-01|company-04-adset-01|company-04-creative-04","company-04","company-04-account-01","company-04-campaign-01","company-04-adset-01","company-04-creative-04","true","campaign_and_adset","ACTIVE","ACTIVE","41.35","2","1242","2.1","20.68","2.1","20.68","2","1242","2.1","account","Account-wide","0.84","66.95","137.2","{""scope"":""account"",""reliability"":""strong"",""sampleSize"":12,""creativeCount"":46,""eligibleCreativeCount"":12,""spendBasis"":2581.33,""purchaseBasis"":45,""weightedRoas"":1.07,""weightedCpa"":57.36,""medianRoas"":0.84,""medianCpa"":66.95,""medianSpend"":137.2,""missingContext"":[]}",,"{""evidenceSource"":""live"",""trustState"":""degraded_missing_truth"",""previewWindow"":""ready"",""baselineReliability"":""strong""}","{""campaignContextLimited"":false,""deploymentCompatibility"":""limited"",""deploymentTargetLane"":""Validation"",""commercialTruthTargetPackConfigured"":false,""commercialTruthMissingInputs"":[""Target pack is not configured yet."",""Country economics are not configured for the live decision window."",""Site health and stock pressure constraints are not configured.""],""businessValidationStatus"":""missing""}","2026-04-25T22:20:32.480Z","2026-03-27","2026-04-25"
"pr65","company-04|company-04-account-01|company-04-campaign-03|company-04-adset-02|company-04-creative-05","company-04","company-04-account-01","company-04-campaign-03","company-04-adset-02","company-04-creative-05","true","campaign_and_adset","ACTIVE","ACTIVE","27.18","0","1370","0","0",,,,,"0","account","Account-wide","0.88","64.69","129.38","{""scope"":""account"",""reliability"":""strong"",""sampleSize"":13,""creativeCount"":46,""eligibleCreativeCount"":13,""spendBasis"":2622.68,""purchaseBasis"":47,""weightedRoas"":1.09,""weightedCpa"":55.8,""medianRoas"":0.88,""medianCpa"":64.69,""medianSpend"":129.38,""missingContext"":[]}",,"{""evidenceSource"":""live"",""trustState"":""inactive_or_immaterial"",""previewWindow"":""ready"",""baselineReliability"":""strong""}","{""campaignContextLimited"":false,""deploymentCompatibility"":""limited"",""deploymentTargetLane"":""Validation"",""commercialTruthTargetPackConfigured"":false,""commercialTruthMissingInputs"":[""Target pack is not configured yet."",""Country economics are not configured for the live decision window."",""Site health and stock pressure constraints are not configured.""],""businessValidationStatus"":""missing""}","2026-04-25T22:20:32.480Z","2026-03-27","2026-04-25"
"pr65","company-04|company-04-account-01|company-04-campaign-01|company-04-adset-01|company-04-creative-06","company-04","company-04-account-01","company-04-campaign-01","company-04-adset-01","company-04-creative-06","true","campaign_and_adset","ACTIVE","ACTIVE","25.47","0","670","0","0","0","0","0","196","0","account","Account-wide","0.88","64.69","129.38","{""scope"":""account"",""reliability"":""strong"",""sampleSize"":13,""creativeCount"":46,""eligibleCreativeCount"":13,""spendBasis"":2622.68,""purchaseBasis"":47,""weightedRoas"":1.09,""weightedCpa"":55.8,""medianRoas"":0.88,""medianCpa"":64.69,""medianSpend"":129.38,""missingContext"":[]}",,"{""evidenceSource"":""live"",""trustState"":""inactive_or_immaterial"",""previewWindow"":""ready"",""baselineReliability"":""strong""}","{""campaignContextLimited"":false,""deploymentCompatibility"":""limited"",""deploymentTargetLane"":""Validation"",""commercialTruthTargetPackConfigured"":false,""commercialTruthMissingInputs"":[""Target pack is not configured yet."",""Country economics are not configured for the live decision window."",""Site health and stock pressure constraints are not configured.""],""businessValidationStatus"":""missing""}","2026-04-25T22:20:32.480Z","2026-03-27","2026-04-25"
"pr65","company-04|company-04-account-01|company-04-campaign-04|company-04-adset-03|company-04-creative-07","company-04","company-04-account-01","company-04-campaign-04","company-04-adset-03","company-04-creative-07","true","campaign_and_adset","ACTIVE","ACTIVE","20.99","0","546","0","0","0","0","0","39","0","account","Account-wide","0.88","64.69","129.38","{""scope"":""account"",""reliability"":""strong"",""sampleSize"":13,""creativeCount"":46,""eligibleCreativeCount"":13,""spendBasis"":2622.68,""purchaseBasis"":47,""weightedRoas"":1.09,""weightedCpa"":55.8,""medianRoas"":0.88,""medianCpa"":64.69,""medianSpend"":129.38,""missingContext"":[]}",,"{""evidenceSource"":""live"",""trustState"":""inactive_or_immaterial"",""previewWindow"":""ready"",""baselineReliability"":""strong""}","{""campaignContextLimited"":false,""deploymentCompatibility"":""limited"",""deploymentTargetLane"":""Validation"",""commercialTruthTargetPackConfigured"":false,""commercialTruthMissingInputs"":[""Target pack is not configured yet."",""Country economics are not configured for the live decision window."",""Site health and stock pressure constraints are not configured.""],""businessValidationStatus"":""missing""}","2026-04-25T22:20:32.480Z","2026-03-27","2026-04-25"
"pr65","company-04|company-04-account-01|company-04-campaign-01|company-04-adset-01|company-04-creative-08","company-04","company-04-account-01","company-04-campaign-01","company-04-adset-01","company-04-creative-08","true","campaign_and_adset","ACTIVE","ACTIVE","12.65","0","429","0","0","0","0","0","18","0","account","Account-wide","0.88","64.69","129.38","{""scope"":""account"",""reliability"":""strong"",""sampleSize"":13,""creativeCount"":46,""eligibleCreativeCount"":13,""spendBasis"":2622.68,""purchaseBasis"":47,""weightedRoas"":1.09,""weightedCpa"":55.8,""medianRoas"":0.88,""medianCpa"":64.69,""medianSpend"":129.38,""missingContext"":[]}",,"{""evidenceSource"":""live"",""trustState"":""inactive_or_immaterial"",""previewWindow"":""ready"",""baselineReliability"":""strong""}","{""campaignContextLimited"":false,""deploymentCompatibility"":""limited"",""deploymentTargetLane"":""Validation"",""commercialTruthTargetPackConfigured"":false,""commercialTruthMissingInputs"":[""Target pack is not configured yet."",""Country economics are not configured for the live decision window."",""Site health and stock pressure constraints are not configured.""],""businessValidationStatus"":""missing""}","2026-04-25T22:20:32.480Z","2026-03-27","2026-04-25"
"pr65","company-04|company-04-account-01|company-04-campaign-04|company-04-adset-03|company-04-creative-09","company-04","company-04-account-01","company-04-campaign-04","company-04-adset-03","company-04-creative-09","true","campaign_and_adset","ACTIVE","ACTIVE","1.67","1","35","38.92","1.67","0","0","0","11","3.02","account","Account-wide","0.84","66.95","137.2","{""scope"":""account"",""reliability"":""strong"",""sampleSize"":12,""creativeCount"":46,""eligibleCreativeCount"":12,""spendBasis"":2621.01,""purchaseBasis"":46,""weightedRoas"":1.06,""weightedCpa"":56.98,""medianRoas"":0.84,""medianCpa"":66.95,""medianSpend"":137.2,""missingContext"":[]}",,"{""evidenceSource"":""live"",""trustState"":""degraded_missing_truth"",""previewWindow"":""ready"",""baselineReliability"":""strong""}","{""campaignContextLimited"":false,""deploymentCompatibility"":""limited"",""deploymentTargetLane"":""Validation"",""commercialTruthTargetPackConfigured"":false,""commercialTruthMissingInputs"":[""Target pack is not configured yet."",""Country economics are not configured for the live decision window."",""Site health and stock pressure constraints are not configured.""],""businessValidationStatus"":""missing""}","2026-04-25T22:20:32.480Z","2026-03-27","2026-04-25"
"pr65","company-04|company-04-account-01|company-04-campaign-05|company-04-adset-04|company-04-creative-10","company-04","company-04-account-01","company-04-campaign-05","company-04-adset-04","company-04-creative-10","true","campaign_and_adset","ACTIVE","ACTIVE","0.78","0","30","0","0","0","0","0","20","0","account","Account-wide","0.88","64.69","129.38","{""scope"":""account"",""reliability"":""strong"",""sampleSize"":13,""creativeCount"":46,""eligibleCreativeCount"":13,""spendBasis"":2622.68,""purchaseBasis"":47,""weightedRoas"":1.09,""weightedCpa"":55.8,""medianRoas"":0.88,""medianCpa"":64.69,""medianSpend"":129.38,""missingContext"":[]}",,"{""evidenceSource"":""live"",""trustState"":""inactive_or_immaterial"",""previewWindow"":""ready"",""baselineReliability"":""strong""}","{""campaignContextLimited"":false,""deploymentCompatibility"":""compatible"",""deploymentTargetLane"":null,""commercialTruthTargetPackConfigured"":false,""commercialTruthMissingInputs"":[""Target pack is not configured yet."",""Country economics are not configured for the live decision window."",""Site health and stock pressure constraints are not configured.""],""businessValidationStatus"":""missing""}","2026-04-25T22:20:32.480Z","2026-03-27","2026-04-25"
"pr65","company-05|company-05-account-01|company-05-campaign-01|company-05-adset-01|company-05-creative-01","company-05","company-05-account-01","company-05-campaign-01","company-05-adset-01","company-05-creative-01","false","campaign_and_adset","PAUSED","CAMPAIGN_PAUSED","124046.89","44","1839101","2.47","2819.25",,,,,"3.13","account","Account-wide","2.92","2723.84","9393.84","{""scope"":""account"",""reliability"":""strong"",""sampleSize"":26,""creativeCount"":58,""eligibleCreativeCount"":26,""spendBasis"":423954.82,""purchaseBasis"":174,""weightedRoas"":3.04,""weightedCpa"":2436.52,""medianRoas"":2.92,""medianCpa"":2723.84,""medianSpend"":9393.84,""missingContext"":[]}",,"{""evidenceSource"":""live"",""trustState"":""live_confident"",""previewWindow"":""ready"",""baselineReliability"":""strong""}","{""campaignContextLimited"":false,""deploymentCompatibility"":""compatible"",""deploymentTargetLane"":null,""commercialTruthTargetPackConfigured"":true,""commercialTruthMissingInputs"":[""Country economics are not configured for the live decision window."",""Site health and stock pressure constraints are not configured.""],""businessValidationStatus"":""unfavorable""}","2026-04-25T22:20:32.480Z","2026-03-27","2026-04-25"
"pr65","company-05|company-05-account-01|company-05-campaign-01|company-05-adset-02|company-05-creative-02","company-05","company-05-account-01","company-05-campaign-01","company-05-adset-02","company-05-creative-02","false","campaign_and_adset","PAUSED","CAMPAIGN_PAUSED","61027.88","30","903153","3","2034.26",,,,,"3.55","account","Account-wide","2.79","2826.64","9393.84","{""scope"":""account"",""reliability"":""strong"",""sampleSize"":26,""creativeCount"":58,""eligibleCreativeCount"":26,""spendBasis"":486973.83,""purchaseBasis"":188,""weightedRoas"":2.9,""weightedCpa"":2590.29,""medianRoas"":2.79,""medianCpa"":2826.64,""medianSpend"":9393.84,""missingContext"":[]}",,"{""evidenceSource"":""live"",""trustState"":""live_confident"",""previewWindow"":""ready"",""baselineReliability"":""strong""}","{""campaignContextLimited"":false,""deploymentCompatibility"":""limited"",""deploymentTargetLane"":""Scaling"",""commercialTruthTargetPackConfigured"":true,""commercialTruthMissingInputs"":[""Country economics are not configured for the live decision window."",""Site health and stock pressure constraints are not configured.""],""businessValidationStatus"":""unfavorable""}","2026-04-25T22:20:32.480Z","2026-03-27","2026-04-25"
"pr65","company-05|company-05-account-01|company-05-campaign-01|company-05-adset-03|company-05-creative-03","company-05","company-05-account-01","company-05-campaign-01","company-05-adset-03","company-05-creative-03","false","campaign_and_adset","PAUSED","PAUSED","57588.45","14","990061","1.77","4113.46",,,,,"2.6","account","Account-wide","2.92","2716.45","9393.84","{""scope"":""account"",""reliability"":""strong"",""sampleSize"":26,""creativeCount"":58,""eligibleCreativeCount"":26,""spendBasis"":490413.26,""purchaseBasis"":204,""weightedRoas"":3.05,""weightedCpa"":2403.99,""medianRoas"":2.92,""medianCpa"":2716.45,""medianSpend"":9393.84,""missingContext"":[]}",,"{""evidenceSource"":""live"",""trustState"":""live_confident"",""previewWindow"":""ready"",""baselineReliability"":""strong""}","{""campaignContextLimited"":false,""deploymentCompatibility"":""compatible"",""deploymentTargetLane"":null,""commercialTruthTargetPackConfigured"":true,""commercialTruthMissingInputs"":[""Country economics are not configured for the live decision window."",""Site health and stock pressure constraints are not configured.""],""businessValidationStatus"":""unfavorable""}","2026-04-25T22:20:32.480Z","2026-03-27","2026-04-25"
"pr65","company-05|company-05-account-01|company-05-campaign-01|company-05-adset-01|company-05-creative-04","company-05","company-05-account-01","company-05-campaign-01","company-05-adset-01","company-05-creative-04","false","campaign_and_adset","PAUSED","CAMPAIGN_PAUSED","33858.47","13","398740","2.83","2604.5",,,,,"2.58","account","Account-wide","2.88","2826.64","9393.84","{""scope"":""account"",""reliability"":""strong"",""sampleSize"":26,""creativeCount"":58,""eligibleCreativeCount"":26,""spendBasis"":514143.24,""purchaseBasis"":205,""weightedRoas"":2.92,""weightedCpa"":2508.02,""medianRoas"":2.88,""medianCpa"":2826.64,""medianSpend"":9393.84,""missingContext"":[]}",,"{""evidenceSource"":""live"",""trustState"":""live_confident"",""previewWindow"":""ready"",""baselineReliability"":""strong""}","{""campaignContextLimited"":false,""deploymentCompatibility"":""limited"",""deploymentTargetLane"":""Scaling"",""commercialTruthTargetPackConfigured"":true,""commercialTruthMissingInputs"":[""Country economics are not configured for the live decision window."",""Site health and stock pressure constraints are not configured.""],""businessValidationStatus"":""unfavorable""}","2026-04-25T22:20:32.480Z","2026-03-27","2026-04-25"
"pr65","company-05|company-05-account-01|company-05-campaign-01|company-05-adset-02|company-05-creative-05","company-05","company-05-account-01","company-05-campaign-01","company-05-adset-02","company-05-creative-05","false","campaign_and_adset","PAUSED","CAMPAIGN_PAUSED","33045.48","11","440250","1.96","3004.13",,,,,"2.29","account","Account-wide","2.92","2716.45","9393.84","{""scope"":""account"",""reliability"":""strong"",""sampleSize"":26,""creativeCount"":58,""eligibleCreativeCount"":26,""spendBasis"":514956.23,""purchaseBasis"":207,""weightedRoas"":2.97,""weightedCpa"":2487.71,""medianRoas"":2.92,""medianCpa"":2716.45,""medianSpend"":9393.84,""missingContext"":[]}",,"{""evidenceSource"":""live"",""trustState"":""degraded_missing_truth"",""previewWindow"":""ready"",""baselineReliability"":""strong""}","{""campaignContextLimited"":false,""deploymentCompatibility"":""limited"",""deploymentTargetLane"":""Validation"",""commercialTruthTargetPackConfigured"":true,""commercialTruthMissingInputs"":[""Country economics are not configured for the live decision window."",""Site health and stock pressure constraints are not configured.""],""businessValidationStatus"":""missing""}","2026-04-25T22:20:32.480Z","2026-03-27","2026-04-25"
"pr65","company-05|company-05-account-01|company-05-campaign-01|company-05-adset-01|company-05-creative-06","company-05","company-05-account-01","company-05-campaign-01","company-05-adset-01","company-05-creative-06","false","campaign_and_adset","PAUSED","CAMPAIGN_PAUSED","29265.56","15","280787","2.66","1951.04",,,,,"2.7","account","Account-wide","2.92","2826.64","9393.84","{""scope"":""account"",""reliability"":""strong"",""sampleSize"":26,""creativeCount"":58,""eligibleCreativeCount"":26,""spendBasis"":518736.15,""purchaseBasis"":203,""weightedRoas"":2.93,""weightedCpa"":2555.35,""medianRoas"":2.92,""medianCpa"":2826.64,""medianSpend"":9393.84,""missingContext"":[]}",,"{""evidenceSource"":""live"",""trustState"":""live_confident"",""previewWindow"":""ready"",""baselineReliability"":""strong""}","{""campaignContextLimited"":false,""deploymentCompatibility"":""limited"",""deploymentTargetLane"":""Scaling"",""commercialTruthTargetPackConfigured"":true,""commercialTruthMissingInputs"":[""Country economics are not configured for the live decision window."",""Site health and stock pressure constraints are not configured.""],""businessValidationStatus"":""unfavorable""}","2026-04-25T22:20:32.480Z","2026-03-27","2026-04-25"
"pr65","company-05|company-05-account-01|company-05-campaign-01|company-05-adset-01|company-05-creative-07","company-05","company-05-account-01","company-05-campaign-01","company-05-adset-01","company-05-creative-07","false","campaign_and_adset","PAUSED","CAMPAIGN_PAUSED","28450.98","19","334746","4.91","1497.42",,,,,"3.34","account","Account-wide","2.79","2826.64","9393.84","{""scope"":""account"",""reliability"":""strong"",""sampleSize"":26,""creativeCount"":58,""eligibleCreativeCount"":26,""spendBasis"":519550.73,""purchaseBasis"":199,""weightedRoas"":2.8,""weightedCpa"":2610.81,""medianRoas"":2.79,""medianCpa"":2826.64,""medianSpend"":9393.84,""missingContext"":[]}",,"{""evidenceSource"":""live"",""trustState"":""live_confident"",""previewWindow"":""ready"",""baselineReliability"":""strong""}","{""campaignContextLimited"":false,""deploymentCompatibility"":""compatible"",""deploymentTargetLane"":null,""commercialTruthTargetPackConfigured"":true,""commercialTruthMissingInputs"":[""Country economics are not configured for the live decision window."",""Site health and stock pressure constraints are not configured.""],""businessValidationStatus"":""favorable""}","2026-04-25T22:20:32.480Z","2026-03-27","2026-04-25"
"pr65","company-05|company-05-account-01|company-05-campaign-01|company-05-adset-01|company-05-creative-08","company-05","company-05-account-01","company-05-campaign-01","company-05-adset-01","company-05-creative-08","false","campaign_and_adset","PAUSED","CAMPAIGN_PAUSED","26077.54","6","278002","2.27","4346.26",,,,,"2.68","account","Account-wide","2.92","2716.45","9393.84","{""scope"":""account"",""reliability"":""strong"",""sampleSize"":26,""creativeCount"":58,""eligibleCreativeCount"":26,""spendBasis"":521924.17,""purchaseBasis"":212,""weightedRoas"":2.95,""weightedCpa"":2461.91,""medianRoas"":2.92,""medianCpa"":2716.45,""medianSpend"":9393.84,""missingContext"":[]}",,"{""evidenceSource"":""live"",""trustState"":""degraded_missing_truth"",""previewWindow"":""ready"",""baselineReliability"":""strong""}","{""campaignContextLimited"":false,""deploymentCompatibility"":""limited"",""deploymentTargetLane"":""Validation"",""commercialTruthTargetPackConfigured"":true,""commercialTruthMissingInputs"":[""Country economics are not configured for the live decision window."",""Site health and stock pressure constraints are not configured.""],""businessValidationStatus"":""missing""}","2026-04-25T22:20:32.480Z","2026-03-27","2026-04-25"
"pr65","company-05|company-05-account-01|company-05-campaign-01|company-05-adset-01|company-05-creative-09","company-05","company-05-account-01","company-05-campaign-01","company-05-adset-01","company-05-creative-09","false","campaign_and_adset","PAUSED","CAMPAIGN_PAUSED","25506.3","9","267276","1.87","2834.03",,,,,"2.1","account","Account-wide","2.92","2716.45","9393.84","{""scope"":""account"",""reliability"":""strong"",""sampleSize"":26,""creativeCount"":58,""eligibleCreativeCount"":26,""spendBasis"":522495.41,""purchaseBasis"":209,""weightedRoas"":2.96,""weightedCpa"":2499.98,""medianRoas"":2.92,""medianCpa"":2716.45,""medianSpend"":9393.84,""missingContext"":[]}",,"{""evidenceSource"":""live"",""trustState"":""degraded_missing_truth"",""previewWindow"":""ready"",""baselineReliability"":""strong""}","{""campaignContextLimited"":false,""deploymentCompatibility"":""limited"",""deploymentTargetLane"":""Validation"",""commercialTruthTargetPackConfigured"":true,""commercialTruthMissingInputs"":[""Country economics are not configured for the live decision window."",""Site health and stock pressure constraints are not configured.""],""businessValidationStatus"":""missing""}","2026-04-25T22:20:32.480Z","2026-03-27","2026-04-25"
"pr65","company-05|company-05-account-01|company-05-campaign-01|company-05-adset-02|company-05-creative-10","company-05","company-05-account-01","company-05-campaign-01","company-05-adset-02","company-05-creative-10","false","campaign_and_adset","PAUSED","CAMPAIGN_PAUSED","23522.86","9","364985","2.75","2613.65",,,,,"3.14","account","Account-wide","2.92","2826.64","9393.84","{""scope"":""account"",""reliability"":""strong"",""sampleSize"":26,""creativeCount"":58,""eligibleCreativeCount"":26,""spendBasis"":524478.85,""purchaseBasis"":209,""weightedRoas"":2.92,""weightedCpa"":2509.47,""medianRoas"":2.92,""medianCpa"":2826.64,""medianSpend"":9393.84,""missingContext"":[]}",,"{""evidenceSource"":""live"",""trustState"":""degraded_missing_truth"",""previewWindow"":""ready"",""baselineReliability"":""strong""}","{""campaignContextLimited"":false,""deploymentCompatibility"":""limited"",""deploymentTargetLane"":""Validation"",""commercialTruthTargetPackConfigured"":true,""commercialTruthMissingInputs"":[""Country economics are not configured for the live decision window."",""Site health and stock pressure constraints are not configured.""],""businessValidationStatus"":""missing""}","2026-04-25T22:20:32.480Z","2026-03-27","2026-04-25"
"pr65","company-06|company-06-account-01|company-06-campaign-01|company-06-adset-01|company-06-creative-01","company-06","company-06-account-01","company-06-campaign-01","company-06-adset-01","company-06-creative-01","true","campaign_and_adset","ACTIVE","ACTIVE","1701.51","126","885146","5.19","13.5","3.68","16.1","19","136801","5.19","account","Account-wide","8.1","10.15","31.55","{""scope"":""account"",""reliability"":""strong"",""sampleSize"":14,""creativeCount"":65,""eligibleCreativeCount"":14,""spendBasis"":581.05,""purchaseBasis"":44,""weightedRoas"":5.41,""weightedCpa"":13.21,""medianRoas"":8.1,""medianCpa"":10.15,""medianSpend"":31.55,""missingContext"":[]}",,"{""evidenceSource"":""live"",""trustState"":""degraded_missing_truth"",""previewWindow"":""ready"",""baselineReliability"":""strong""}","{""campaignContextLimited"":false,""deploymentCompatibility"":""limited"",""deploymentTargetLane"":""Validation"",""commercialTruthTargetPackConfigured"":false,""commercialTruthMissingInputs"":[""Target pack is not configured yet."",""Country economics are not configured for the live decision window."",""Site health and stock pressure constraints are not configured.""],""businessValidationStatus"":""missing""}","2026-04-25T22:20:32.480Z","2026-03-27","2026-04-25"
"pr65","company-06|company-06-account-01|company-06-campaign-01|company-06-adset-01|company-06-creative-02","company-06","company-06-account-01","company-06-campaign-01","company-06-adset-01","company-06-creative-02","true","campaign_and_adset","ACTIVE","ACTIVE","125.74","6","62875","3.95","20.96","0","0","0","4674","4.07","account","Account-wide","8.1","10.15","31.55","{""scope"":""account"",""reliability"":""strong"",""sampleSize"":14,""creativeCount"":65,""eligibleCreativeCount"":14,""spendBasis"":2156.82,""purchaseBasis"":164,""weightedRoas"":5.32,""weightedCpa"":13.15,""medianRoas"":8.1,""medianCpa"":10.15,""medianSpend"":31.55,""missingContext"":[]}",,"{""evidenceSource"":""live"",""trustState"":""degraded_missing_truth"",""previewWindow"":""ready"",""baselineReliability"":""strong""}","{""campaignContextLimited"":false,""deploymentCompatibility"":""limited"",""deploymentTargetLane"":""Validation"",""commercialTruthTargetPackConfigured"":false,""commercialTruthMissingInputs"":[""Target pack is not configured yet."",""Country economics are not configured for the live decision window."",""Site health and stock pressure constraints are not configured.""],""businessValidationStatus"":""missing""}","2026-04-25T22:20:32.480Z","2026-03-27","2026-04-25"
"pr65","company-06|company-06-account-01|company-06-campaign-01|company-06-adset-02|company-06-creative-03","company-06","company-06-account-01","company-06-campaign-01","company-06-adset-02","company-06-creative-03","true","campaign_and_adset","ACTIVE","ACTIVE","96.35","4","46693","2.34","24.09","2.34","24.09","4","46693","2.34","account","Account-wide","8.1","10.15","31.55","{""scope"":""account"",""reliability"":""strong"",""sampleSize"":14,""creativeCount"":65,""eligibleCreativeCount"":14,""spendBasis"":2186.21,""purchaseBasis"":166,""weightedRoas"":5.37,""weightedCpa"":13.17,""medianRoas"":8.1,""medianCpa"":10.15,""medianSpend"":31.55,""missingContext"":[]}",,"{""evidenceSource"":""live"",""trustState"":""degraded_missing_truth"",""previewWindow"":""ready"",""baselineReliability"":""strong""}","{""campaignContextLimited"":false,""deploymentCompatibility"":""limited"",""deploymentTargetLane"":""Validation"",""commercialTruthTargetPackConfigured"":false,""commercialTruthMissingInputs"":[""Target pack is not configured yet."",""Country economics are not configured for the live decision window."",""Site health and stock pressure constraints are not configured.""],""businessValidationStatus"":""missing""}","2026-04-25T22:20:32.480Z","2026-03-27","2026-04-25"
"pr65","company-06|company-06-account-01|company-06-campaign-01|company-06-adset-01|company-06-creative-04","company-06","company-06-account-01","company-06-campaign-01","company-06-adset-01","company-06-creative-04","true","campaign_and_adset","ACTIVE","ACTIVE","95.6","7","45606","5.06","13.66","0.96","48.27","1","19201","7.73","account","Account-wide","8.1","10.15","31.55","{""scope"":""account"",""reliability"":""strong"",""sampleSize"":14,""creativeCount"":65,""eligibleCreativeCount"":14,""spendBasis"":2186.96,""purchaseBasis"":163,""weightedRoas"":5.25,""weightedCpa"":13.42,""medianRoas"":8.1,""medianCpa"":10.15,""medianSpend"":31.55,""missingContext"":[]}",,"{""evidenceSource"":""live"",""trustState"":""live_confident"",""previewWindow"":""ready"",""baselineReliability"":""strong""}","{""campaignContextLimited"":false,""deploymentCompatibility"":""compatible"",""deploymentTargetLane"":null,""commercialTruthTargetPackConfigured"":false,""commercialTruthMissingInputs"":[""Target pack is not configured yet."",""Country economics are not configured for the live decision window."",""Site health and stock pressure constraints are not configured.""],""businessValidationStatus"":""missing""}","2026-04-25T22:20:32.480Z","2026-03-27","2026-04-25"
"pr65","company-06|company-06-account-01|company-06-campaign-01|company-06-adset-01|company-06-creative-05","company-06","company-06-account-01","company-06-campaign-01","company-06-adset-01","company-06-creative-05","true","campaign_and_adset","ACTIVE","ACTIVE","69.03","5","29880","5.69","13.81","0","0","0","2001","5.24","account","Account-wide","7.85","10.15","31.55","{""scope"":""account"",""reliability"":""strong"",""sampleSize"":14,""creativeCount"":65,""eligibleCreativeCount"":14,""spendBasis"":2213.53,""purchaseBasis"":165,""weightedRoas"":5.23,""weightedCpa"":13.42,""medianRoas"":7.85,""medianCpa"":10.15,""medianSpend"":31.55,""missingContext"":[]}",,"{""evidenceSource"":""live"",""trustState"":""degraded_missing_truth"",""previewWindow"":""ready"",""baselineReliability"":""strong""}","{""campaignContextLimited"":false,""deploymentCompatibility"":""limited"",""deploymentTargetLane"":""Validation"",""commercialTruthTargetPackConfigured"":false,""commercialTruthMissingInputs"":[""Target pack is not configured yet."",""Country economics are not configured for the live decision window."",""Site health and stock pressure constraints are not configured.""],""businessValidationStatus"":""missing""}","2026-04-25T22:20:32.480Z","2026-03-27","2026-04-25"
"pr65","company-06|company-06-account-01|company-06-campaign-01|company-06-adset-02|company-06-creative-06","company-06","company-06-account-01","company-06-campaign-01","company-06-adset-02","company-06-creative-06","true","campaign_and_adset","ACTIVE","ACTIVE","60.71","5","51925","4.55","12.14","2.28","18.08","1","17536","4.98","account","Account-wide","8.1","10.84","31.55","{""scope"":""account"",""reliability"":""strong"",""sampleSize"":14,""creativeCount"":65,""eligibleCreativeCount"":14,""spendBasis"":2221.85,""purchaseBasis"":165,""weightedRoas"":5.26,""weightedCpa"":13.47,""medianRoas"":8.1,""medianCpa"":10.84,""medianSpend"":31.55,""missingContext"":[]}",,"{""evidenceSource"":""live"",""trustState"":""live_confident"",""previewWindow"":""ready"",""baselineReliability"":""strong""}","{""campaignContextLimited"":false,""deploymentCompatibility"":""compatible"",""deploymentTargetLane"":null,""commercialTruthTargetPackConfigured"":false,""commercialTruthMissingInputs"":[""Target pack is not configured yet."",""Country economics are not configured for the live decision window."",""Site health and stock pressure constraints are not configured.""],""businessValidationStatus"":""missing""}","2026-04-25T22:20:32.480Z","2026-03-27","2026-04-25"
"pr65","company-06|company-06-account-01|company-06-campaign-01|company-06-adset-02|company-06-creative-07","company-06","company-06-account-01","company-06-campaign-01","company-06-adset-02","company-06-creative-07","true","campaign_and_adset","ACTIVE","ACTIVE","46.52","2","33017","1.52","23.26","0","0","0","8640","9.93","account","Account-wide","8.1","10.15","31.55","{""scope"":""account"",""reliability"":""strong"",""sampleSize"":14,""creativeCount"":65,""eligibleCreativeCount"":14,""spendBasis"":2236.04,""purchaseBasis"":168,""weightedRoas"":5.32,""weightedCpa"":13.31,""medianRoas"":8.1,""medianCpa"":10.15,""medianSpend"":31.55,""missingContext"":[]}",,"{""evidenceSource"":""live"",""trustState"":""live_confident"",""previewWindow"":""ready"",""baselineReliability"":""strong""}","{""campaignContextLimited"":false,""deploymentCompatibility"":""compatible"",""deploymentTargetLane"":null,""commercialTruthTargetPackConfigured"":false,""commercialTruthMissingInputs"":[""Target pack is not configured yet."",""Country economics are not configured for the live decision window."",""Site health and stock pressure constraints are not configured.""],""businessValidationStatus"":""missing""}","2026-04-25T22:20:32.480Z","2026-03-27","2026-04-25"
"pr65","company-06|company-06-account-01|company-06-campaign-01|company-06-adset-01|company-06-creative-08","company-06","company-06-account-01","company-06-campaign-01","company-06-adset-01","company-06-creative-08","true","campaign_and_adset","ACTIVE","ACTIVE","32.68","4","18292","10.5","8.17","0","0","0","3364","6.65","account","Account-wide","5.44","12.82","38.47","{""scope"":""account"",""reliability"":""strong"",""sampleSize"":14,""creativeCount"":65,""eligibleCreativeCount"":14,""spendBasis"":2249.88,""purchaseBasis"":166,""weightedRoas"":5.17,""weightedCpa"":13.55,""medianRoas"":5.44,""medianCpa"":12.82,""medianSpend"":38.47,""missingContext"":[]}",,"{""evidenceSource"":""live"",""trustState"":""degraded_missing_truth"",""previewWindow"":""ready"",""baselineReliability"":""strong""}","{""campaignContextLimited"":false,""deploymentCompatibility"":""limited"",""deploymentTargetLane"":""Validation"",""commercialTruthTargetPackConfigured"":false,""commercialTruthMissingInputs"":[""Target pack is not configured yet."",""Country economics are not configured for the live decision window."",""Site health and stock pressure constraints are not configured.""],""businessValidationStatus"":""missing""}","2026-04-25T22:20:32.480Z","2026-03-27","2026-04-25"
"pr65","company-06|company-06-account-01|company-06-campaign-01|company-06-adset-02|company-06-creative-09","company-06","company-06-account-01","company-06-campaign-01","company-06-adset-02","company-06-creative-09","true","campaign_and_adset","ACTIVE","ACTIVE","30.41","1","16398","1.29","30.41","0","0","0","2022","7.85","account","Account-wide","8.1","10.15","39.6","{""scope"":""account"",""reliability"":""strong"",""sampleSize"":14,""creativeCount"":65,""eligibleCreativeCount"":14,""spendBasis"":2252.15,""purchaseBasis"":169,""weightedRoas"":5.3,""weightedCpa"":13.33,""medianRoas"":8.1,""medianCpa"":10.15,""medianSpend"":39.6,""missingContext"":[]}",,"{""evidenceSource"":""live"",""trustState"":""live_confident"",""previewWindow"":""ready"",""baselineReliability"":""strong""}","{""campaignContextLimited"":false,""deploymentCompatibility"":""compatible"",""deploymentTargetLane"":null,""commercialTruthTargetPackConfigured"":false,""commercialTruthMissingInputs"":[""Target pack is not configured yet."",""Country economics are not configured for the live decision window."",""Site health and stock pressure constraints are not configured.""],""businessValidationStatus"":""missing""}","2026-04-25T22:20:32.480Z","2026-03-27","2026-04-25"
"pr65","company-06|company-06-account-01|company-06-campaign-01|company-06-adset-02|company-06-creative-10","company-06","company-06-account-01","company-06-campaign-01","company-06-adset-02","company-06-creative-10","true","campaign_and_adset","ACTIVE","ACTIVE","21.84","0","10215","0","0","0","0","0","865","36.61","account","Account-wide","5.69","12.14","32.68","{""scope"":""account"",""reliability"":""strong"",""sampleSize"":15,""creativeCount"":65,""eligibleCreativeCount"":15,""spendBasis"":2282.56,""purchaseBasis"":170,""weightedRoas"":5.25,""weightedCpa"":13.43,""medianRoas"":5.69,""medianCpa"":12.14,""medianSpend"":32.68,""missingContext"":[]}",,"{""evidenceSource"":""live"",""trustState"":""live_confident"",""previewWindow"":""ready"",""baselineReliability"":""strong""}","{""campaignContextLimited"":false,""deploymentCompatibility"":""compatible"",""deploymentTargetLane"":null,""commercialTruthTargetPackConfigured"":false,""commercialTruthMissingInputs"":[""Target pack is not configured yet."",""Country economics are not configured for the live decision window."",""Site health and stock pressure constraints are not configured.""],""businessValidationStatus"":""missing""}","2026-04-25T22:20:32.480Z","2026-03-27","2026-04-25"
"pr65","company-07|company-07-account-01|company-07-campaign-01|company-07-adset-01|company-07-creative-01","company-07","company-07-account-01","company-07-campaign-01","company-07-adset-01","company-07-creative-01","true","campaign_and_adset","ACTIVE","ACTIVE","2251.4","10","1100484","2.67","225.14","0","0","0","93309","5.4","account","Account-wide","3.5","89.18","183.63","{""scope"":""account"",""reliability"":""strong"",""sampleSize"":15,""creativeCount"":31,""eligibleCreativeCount"":15,""spendBasis"":4135.95,""purchaseBasis"":46,""weightedRoas"":4.03,""weightedCpa"":89.91,""medianRoas"":3.5,""medianCpa"":89.18,""medianSpend"":183.63,""missingContext"":[]}",,"{""evidenceSource"":""live"",""trustState"":""live_confident"",""previewWindow"":""ready"",""baselineReliability"":""strong""}","{""campaignContextLimited"":false,""deploymentCompatibility"":""compatible"",""deploymentTargetLane"":null,""commercialTruthTargetPackConfigured"":false,""commercialTruthMissingInputs"":[""Target pack is not configured yet."",""Country economics are not configured for the live decision window."",""Site health and stock pressure constraints are not configured.""],""businessValidationStatus"":""missing""}","2026-04-25T22:20:32.480Z","2026-03-27","2026-04-25"
"pr65","company-07|company-07-account-01|company-07-campaign-01|company-07-adset-01|company-07-creative-02","company-07","company-07-account-01","company-07-campaign-01","company-07-adset-01","company-07-creative-02","true","campaign_and_adset","ACTIVE","ACTIVE","1143.66","16","186230","4.53","71.48","2.69","123.72","1","18703","5.36","account","Account-wide","3.22","91.82","183.63","{""scope"":""account"",""reliability"":""strong"",""sampleSize"":15,""creativeCount"":31,""eligibleCreativeCount"":15,""spendBasis"":5243.69,""purchaseBasis"":40,""weightedRoas"":3.34,""weightedCpa"":131.09,""medianRoas"":3.22,""medianCpa"":91.82,""medianSpend"":183.63,""missingContext"":[]}",,"{""evidenceSource"":""live"",""trustState"":""live_confident"",""previewWindow"":""ready"",""baselineReliability"":""strong""}","{""campaignContextLimited"":false,""deploymentCompatibility"":""limited"",""deploymentTargetLane"":""Scaling"",""commercialTruthTargetPackConfigured"":false,""commercialTruthMissingInputs"":[""Target pack is not configured yet."",""Country economics are not configured for the live decision window."",""Site health and stock pressure constraints are not configured.""],""businessValidationStatus"":""missing""}","2026-04-25T22:20:32.480Z","2026-03-27","2026-04-25"
"pr65","company-07|company-07-account-01|company-07-campaign-01|company-07-adset-01|company-07-creative-03","company-07","company-07-account-01","company-07-campaign-01","company-07-adset-01","company-07-creative-03","true","campaign_and_adset","ACTIVE","ACTIVE","473.68","1","99720","0.3","473.68","0.35","409.87","1","85734","0.3","account","Account-wide","3.5","89.18","183.63","{""scope"":""account"",""reliability"":""strong"",""sampleSize"":15,""creativeCount"":31,""eligibleCreativeCount"":15,""spendBasis"":5913.67,""purchaseBasis"":55,""weightedRoas"":3.81,""weightedCpa"":107.52,""medianRoas"":3.5,""medianCpa"":89.18,""medianSpend"":183.63,""missingContext"":[]}",,"{""evidenceSource"":""live"",""trustState"":""live_confident"",""previewWindow"":""ready"",""baselineReliability"":""strong""}","{""campaignContextLimited"":false,""deploymentCompatibility"":""compatible"",""deploymentTargetLane"":null,""commercialTruthTargetPackConfigured"":false,""commercialTruthMissingInputs"":[""Target pack is not configured yet."",""Country economics are not configured for the live decision window."",""Site health and stock pressure constraints are not configured.""],""businessValidationStatus"":""missing""}","2026-04-25T22:20:32.480Z","2026-03-27","2026-04-25"
"pr65","company-07|company-07-account-01|company-07-campaign-01|company-07-adset-01|company-07-creative-04","company-07","company-07-account-01","company-07-campaign-01","company-07-adset-01","company-07-creative-04","true","campaign_and_adset","ACTIVE","ACTIVE","460.11","4","98012","2.59","115.03","0","0","0","9362","7.84","account","Account-wide","3.5","89.18","183.63","{""scope"":""account"",""reliability"":""strong"",""sampleSize"":15,""creativeCount"":31,""eligibleCreativeCount"":15,""spendBasis"":5927.24,""purchaseBasis"":52,""weightedRoas"":3.63,""weightedCpa"":113.99,""medianRoas"":3.5,""medianCpa"":89.18,""medianSpend"":183.63,""missingContext"":[]}",,"{""evidenceSource"":""live"",""trustState"":""live_confident"",""previewWindow"":""ready"",""baselineReliability"":""strong""}","{""campaignContextLimited"":false,""deploymentCompatibility"":""compatible"",""deploymentTargetLane"":null,""commercialTruthTargetPackConfigured"":false,""commercialTruthMissingInputs"":[""Target pack is not configured yet."",""Country economics are not configured for the live decision window."",""Site health and stock pressure constraints are not configured.""],""businessValidationStatus"":""missing""}","2026-04-25T22:20:32.480Z","2026-03-27","2026-04-25"
"pr65","company-07|company-07-account-01|company-07-campaign-01|company-07-adset-01|company-07-creative-05","company-07","company-07-account-01","company-07-campaign-01","company-07-adset-01","company-07-creative-05","true","campaign_and_adset","ACTIVE","ACTIVE","445.92","5","132954","7.12","89.18","0.07","86.58","1","24183","6.81","account","Account-wide","3.22","91.82","183.63","{""scope"":""account"",""reliability"":""strong"",""sampleSize"":15,""creativeCount"":31,""eligibleCreativeCount"":15,""spendBasis"":5941.43,""purchaseBasis"":51,""weightedRoas"":3.28,""weightedCpa"":116.5,""medianRoas"":3.22,""medianCpa"":91.82,""medianSpend"":183.63,""missingContext"":[]}",,"{""evidenceSource"":""live"",""trustState"":""live_confident"",""previewWindow"":""ready"",""baselineReliability"":""strong""}","{""campaignContextLimited"":false,""deploymentCompatibility"":""limited"",""deploymentTargetLane"":""Scaling"",""commercialTruthTargetPackConfigured"":false,""commercialTruthMissingInputs"":[""Target pack is not configured yet."",""Country economics are not configured for the live decision window."",""Site health and stock pressure constraints are not configured.""],""businessValidationStatus"":""missing""}","2026-04-25T22:20:32.480Z","2026-03-27","2026-04-25"
"pr65","company-07|company-07-account-01|company-07-campaign-01|company-07-adset-01|company-07-creative-06","company-07","company-07-account-01","company-07-campaign-01","company-07-adset-01","company-07-creative-06","true","campaign_and_adset","ACTIVE","ACTIVE","357.21","3","89710","1.82","119.07","0","0","0","14567","1.82","account","Account-wide","3.5","89.18","183.63","{""scope"":""account"",""reliability"":""strong"",""sampleSize"":15,""creativeCount"":31,""eligibleCreativeCount"":15,""spendBasis"":6030.14,""purchaseBasis"":53,""weightedRoas"":3.65,""weightedCpa"":113.78,""medianRoas"":3.5,""medianCpa"":89.18,""medianSpend"":183.63,""missingContext"":[]}",,"{""evidenceSource"":""live"",""trustState"":""degraded_missing_truth"",""previewWindow"":""ready"",""baselineReliability"":""strong""}","{""campaignContextLimited"":false,""deploymentCompatibility"":""limited"",""deploymentTargetLane"":""Validation"",""commercialTruthTargetPackConfigured"":false,""commercialTruthMissingInputs"":[""Target pack is not configured yet."",""Country economics are not configured for the live decision window."",""Site health and stock pressure constraints are not configured.""],""businessValidationStatus"":""missing""}","2026-04-25T22:20:32.480Z","2026-03-27","2026-04-25"
"pr65","company-07|company-07-account-01|company-07-campaign-01|company-07-adset-01|company-07-creative-07","company-07","company-07-account-01","company-07-campaign-01","company-07-adset-01","company-07-creative-07","true","campaign_and_adset","ACTIVE","ACTIVE","277.11","3","65132","5.74","92.37","0","0","0","11209","6.33","account","Account-wide","3.22","89.18","183.63","{""scope"":""account"",""reliability"":""strong"",""sampleSize"":15,""creativeCount"":31,""eligibleCreativeCount"":15,""spendBasis"":6110.24,""purchaseBasis"":53,""weightedRoas"":3.45,""weightedCpa"":115.29,""medianRoas"":3.22,""medianCpa"":89.18,""medianSpend"":183.63,""missingContext"":[]}",,"{""evidenceSource"":""live"",""trustState"":""live_confident"",""previewWindow"":""ready"",""baselineReliability"":""strong""}","{""campaignContextLimited"":false,""deploymentCompatibility"":""compatible"",""deploymentTargetLane"":null,""commercialTruthTargetPackConfigured"":false,""commercialTruthMissingInputs"":[""Target pack is not configured yet."",""Country economics are not configured for the live decision window."",""Site health and stock pressure constraints are not configured.""],""businessValidationStatus"":""missing""}","2026-04-25T22:20:32.480Z","2026-03-27","2026-04-25"
"pr65","company-07|company-07-account-01|company-07-campaign-01|company-07-adset-01|company-07-creative-08","company-07","company-07-account-01","company-07-campaign-01","company-07-adset-01","company-07-creative-08","true","campaign_and_adset","ACTIVE","ACTIVE","256.52","0","48275","0","0","0","0","0","4265","0","account","Account-wide","3.36","90.5","191.96","{""scope"":""account"",""reliability"":""strong"",""sampleSize"":16,""creativeCount"":31,""eligibleCreativeCount"":16,""spendBasis"":6387.35,""purchaseBasis"":56,""weightedRoas"":3.55,""weightedCpa"":114.06,""medianRoas"":3.36,""medianCpa"":90.5,""medianSpend"":191.96,""missingContext"":[]}",,"{""evidenceSource"":""live"",""trustState"":""degraded_missing_truth"",""previewWindow"":""ready"",""baselineReliability"":""strong""}","{""campaignContextLimited"":false,""deploymentCompatibility"":""limited"",""deploymentTargetLane"":""Validation"",""commercialTruthTargetPackConfigured"":false,""commercialTruthMissingInputs"":[""Target pack is not configured yet."",""Country economics are not configured for the live decision window."",""Site health and stock pressure constraints are not configured.""],""businessValidationStatus"":""missing""}","2026-04-25T22:20:32.480Z","2026-03-27","2026-04-25"
"pr65","company-07|company-07-account-01|company-07-campaign-01|company-07-adset-01|company-07-creative-09","company-07","company-07-account-01","company-07-campaign-01","company-07-adset-01","company-07-creative-09","true","campaign_and_adset","ACTIVE","ACTIVE","200.29","4","71114","3.22","50.07","4.9","33.9","1","11075","3.57","account","Account-wide","3.5","91.82","183.63","{""scope"":""account"",""reliability"":""strong"",""sampleSize"":15,""creativeCount"":31,""eligibleCreativeCount"":15,""spendBasis"":6187.06,""purchaseBasis"":52,""weightedRoas"":3.56,""weightedCpa"":118.98,""medianRoas"":3.5,""medianCpa"":91.82,""medianSpend"":183.63,""missingContext"":[]}",,"{""evidenceSource"":""live"",""trustState"":""live_confident"",""previewWindow"":""ready"",""baselineReliability"":""strong""}","{""campaignContextLimited"":false,""deploymentCompatibility"":""compatible"",""deploymentTargetLane"":null,""commercialTruthTargetPackConfigured"":false,""commercialTruthMissingInputs"":[""Target pack is not configured yet."",""Country economics are not configured for the live decision window."",""Site health and stock pressure constraints are not configured.""],""businessValidationStatus"":""missing""}","2026-04-25T22:20:32.480Z","2026-03-27","2026-04-25"
"pr65","company-07|company-07-account-01|company-07-campaign-01|company-07-adset-01|company-07-creative-10","company-07","company-07-account-01","company-07-campaign-01","company-07-adset-01","company-07-creative-10","true","campaign_and_adset","ACTIVE","ACTIVE","183.63","2","44649","1.68","91.82","2.16","71.53","1","16598","3.78","account","Account-wide","3.5","89.18","200.29","{""scope"":""account"",""reliability"":""strong"",""sampleSize"":15,""creativeCount"":31,""eligibleCreativeCount"":15,""spendBasis"":6203.72,""purchaseBasis"":54,""weightedRoas"":3.61,""weightedCpa"":114.88,""medianRoas"":3.5,""medianCpa"":89.18,""medianSpend"":200.29,""missingContext"":[]}",,"{""evidenceSource"":""live"",""trustState"":""live_confident"",""previewWindow"":""ready"",""baselineReliability"":""strong""}","{""campaignContextLimited"":false,""deploymentCompatibility"":""compatible"",""deploymentTargetLane"":null,""commercialTruthTargetPackConfigured"":false,""commercialTruthMissingInputs"":[""Target pack is not configured yet."",""Country economics are not configured for the live decision window."",""Site health and stock pressure constraints are not configured.""],""businessValidationStatus"":""missing""}","2026-04-25T22:20:32.480Z","2026-03-27","2026-04-25"
"pr65","company-08|company-08-account-01|company-08-campaign-01|company-08-adset-01|company-08-creative-01","company-08","company-08-account-01","company-08-campaign-01","company-08-adset-01","company-08-creative-01","true","campaign_and_adset","ACTIVE","ACTIVE","8211.61","57","554094","1.26","144.06","1.09","152.1","28","267770","1.26","account","Account-wide","1.82","132.1","370.01","{""scope"":""account"",""reliability"":""strong"",""sampleSize"":26,""creativeCount"":39,""eligibleCreativeCount"":26,""spendBasis"":20045.45,""purchaseBasis"":168,""weightedRoas"":1.78,""weightedCpa"":119.32,""medianRoas"":1.82,""medianCpa"":132.1,""medianSpend"":370.01,""missingContext"":[]}",,"{""evidenceSource"":""live"",""trustState"":""degraded_missing_truth"",""previewWindow"":""ready"",""baselineReliability"":""strong""}","{""campaignContextLimited"":false,""deploymentCompatibility"":""limited"",""deploymentTargetLane"":""Validation"",""commercialTruthTargetPackConfigured"":true,""commercialTruthMissingInputs"":[""Country economics are not configured for the live decision window."",""Site health and stock pressure constraints are not configured.""],""businessValidationStatus"":""missing""}","2026-04-25T22:20:32.480Z","2026-03-27","2026-04-25"
"pr65","company-08|company-08-account-02|company-08-campaign-02|company-08-adset-02|company-08-creative-02","company-08","company-08-account-02","company-08-campaign-02","company-08-adset-02","company-08-creative-02","true","campaign_and_adset","ACTIVE","ACTIVE","4251.61","32","133188","1.34","132.86","1.2","143.33","20","86559","1.34","account","Account-wide","1.82","132.3","370.01","{""scope"":""account"",""reliability"":""strong"",""sampleSize"":26,""creativeCount"":39,""eligibleCreativeCount"":26,""spendBasis"":24005.45,""purchaseBasis"":193,""weightedRoas"":1.68,""weightedCpa"":124.38,""medianRoas"":1.82,""medianCpa"":132.3,""medianSpend"":370.01,""missingContext"":[]}",,"{""evidenceSource"":""live"",""trustState"":""degraded_missing_truth"",""previewWindow"":""ready"",""baselineReliability"":""strong""}","{""campaignContextLimited"":false,""deploymentCompatibility"":""limited"",""deploymentTargetLane"":""Validation"",""commercialTruthTargetPackConfigured"":true,""commercialTruthMissingInputs"":[""Country economics are not configured for the live decision window."",""Site health and stock pressure constraints are not configured.""],""businessValidationStatus"":""missing""}","2026-04-25T22:20:32.480Z","2026-03-27","2026-04-25"
"pr65","company-08|company-08-account-02|company-08-campaign-03|company-08-adset-03|company-08-creative-03","company-08","company-08-account-02","company-08-campaign-03","company-08-adset-03","company-08-creative-03","true","campaign_and_adset","ACTIVE","ACTIVE","1308.54","7","20559","1.14","186.93","0","0","0","10391","1.14","account","Account-wide","1.82","132.1","370.01","{""scope"":""account"",""reliability"":""strong"",""sampleSize"":26,""creativeCount"":39,""eligibleCreativeCount"":26,""spendBasis"":26948.52,""purchaseBasis"":218,""weightedRoas"":1.65,""weightedCpa"":123.62,""medianRoas"":1.82,""medianCpa"":132.1,""medianSpend"":370.01,""missingContext"":[]}",,"{""evidenceSource"":""live"",""trustState"":""degraded_missing_truth"",""previewWindow"":""ready"",""baselineReliability"":""strong""}","{""campaignContextLimited"":false,""deploymentCompatibility"":""limited"",""deploymentTargetLane"":""Validation"",""commercialTruthTargetPackConfigured"":true,""commercialTruthMissingInputs"":[""Country economics are not configured for the live decision window."",""Site health and stock pressure constraints are not configured.""],""businessValidationStatus"":""missing""}","2026-04-25T22:20:32.480Z","2026-03-27","2026-04-25"
"pr65","company-08|company-08-account-02|company-08-campaign-03|company-08-adset-04|company-08-creative-04","company-08","company-08-account-02","company-08-campaign-03","company-08-adset-04","company-08-creative-04","true","campaign_and_adset","ACTIVE","ACTIVE","928.76","11","29875","2.5","84.43","2.42","85.26","6","17060","2.5","account","Account-wide","1.58","133.07","370.01","{""scope"":""account"",""reliability"":""strong"",""sampleSize"":26,""creativeCount"":39,""eligibleCreativeCount"":26,""spendBasis"":27328.3,""purchaseBasis"":214,""weightedRoas"":1.6,""weightedCpa"":127.7,""medianRoas"":1.58,""medianCpa"":133.07,""medianSpend"":370.01,""missingContext"":[]}",,"{""evidenceSource"":""live"",""trustState"":""live_confident"",""previewWindow"":""ready"",""baselineReliability"":""strong""}","{""campaignContextLimited"":false,""deploymentCompatibility"":""limited"",""deploymentTargetLane"":""Scaling"",""commercialTruthTargetPackConfigured"":true,""commercialTruthMissingInputs"":[""Country economics are not configured for the live decision window."",""Site health and stock pressure constraints are not configured.""],""businessValidationStatus"":""unfavorable""}","2026-04-25T22:20:32.480Z","2026-03-27","2026-04-25"
"pr65","company-08|company-08-account-02|company-08-campaign-03|company-08-adset-05|company-08-creative-05","company-08","company-08-account-02","company-08-campaign-03","company-08-adset-05","company-08-creative-05","true","campaign_and_adset","ACTIVE","ACTIVE","742.47","7","23413","2.6","106.07","1.97","151.82","3","14165","2.59","account","Account-wide","1.58","133.07","370.01","{""scope"":""account"",""reliability"":""strong"",""sampleSize"":26,""creativeCount"":39,""eligibleCreativeCount"":26,""spendBasis"":27514.59,""purchaseBasis"":218,""weightedRoas"":1.6,""weightedCpa"":126.21,""medianRoas"":1.58,""medianCpa"":133.07,""medianSpend"":370.01,""missingContext"":[]}",,"{""evidenceSource"":""live"",""trustState"":""live_confident"",""previewWindow"":""ready"",""baselineReliability"":""strong""}","{""campaignContextLimited"":false,""deploymentCompatibility"":""limited"",""deploymentTargetLane"":""Scaling"",""commercialTruthTargetPackConfigured"":true,""commercialTruthMissingInputs"":[""Country economics are not configured for the live decision window."",""Site health and stock pressure constraints are not configured.""],""businessValidationStatus"":""unfavorable""}","2026-04-25T22:20:32.480Z","2026-03-27","2026-04-25"
"pr65","company-08|company-08-account-02|company-08-campaign-03|company-08-adset-06|company-08-creative-06","company-08","company-08-account-02","company-08-campaign-03","company-08-adset-06","company-08-creative-06","true","campaign_and_adset","ACTIVE","ACTIVE","587.18","2","17555","0.63","293.59","4.32","42.75","2","2463","0.63","account","Account-wide","1.82","132.1","370.01","{""scope"":""account"",""reliability"":""strong"",""sampleSize"":26,""creativeCount"":39,""eligibleCreativeCount"":26,""spendBasis"":27669.88,""purchaseBasis"":223,""weightedRoas"":1.65,""weightedCpa"":124.08,""medianRoas"":1.82,""medianCpa"":132.1,""medianSpend"":370.01,""missingContext"":[]}",,"{""evidenceSource"":""live"",""trustState"":""degraded_missing_truth"",""previewWindow"":""ready"",""baselineReliability"":""strong""}","{""campaignContextLimited"":false,""deploymentCompatibility"":""limited"",""deploymentTargetLane"":""Validation"",""commercialTruthTargetPackConfigured"":true,""commercialTruthMissingInputs"":[""Country economics are not configured for the live decision window."",""Site health and stock pressure constraints are not configured.""],""businessValidationStatus"":""missing""}","2026-04-25T22:20:32.480Z","2026-03-27","2026-04-25"
"pr65","company-08|company-08-account-02|company-08-campaign-03|company-08-adset-07|company-08-creative-07","company-08","company-08-account-02","company-08-campaign-03","company-08-adset-07","company-08-creative-07","true","campaign_and_adset","ACTIVE","ACTIVE","577.11","4","16468","1.04","144.28","0.55","252.45","2","14353","0.93","account","Account-wide","1.82","132.1","370.01","{""scope"":""account"",""reliability"":""strong"",""sampleSize"":26,""creativeCount"":39,""eligibleCreativeCount"":26,""spendBasis"":27679.95,""purchaseBasis"":221,""weightedRoas"":1.64,""weightedCpa"":125.25,""medianRoas"":1.82,""medianCpa"":132.1,""medianSpend"":370.01,""missingContext"":[]}",,"{""evidenceSource"":""live"",""trustState"":""degraded_missing_truth"",""previewWindow"":""ready"",""baselineReliability"":""strong""}","{""campaignContextLimited"":false,""deploymentCompatibility"":""limited"",""deploymentTargetLane"":""Validation"",""commercialTruthTargetPackConfigured"":true,""commercialTruthMissingInputs"":[""Country economics are not configured for the live decision window."",""Site health and stock pressure constraints are not configured.""],""businessValidationStatus"":""missing""}","2026-04-25T22:20:32.480Z","2026-03-27","2026-04-25"
"pr65","company-08|company-08-account-02|company-08-campaign-03|company-08-adset-06|company-08-creative-08","company-08","company-08-account-02","company-08-campaign-03","company-08-adset-06","company-08-creative-08","true","campaign_and_adset","ACTIVE","ACTIVE","525.33","4","15315","2.18","131.33","2.22","194.81","2","11056","2.18","account","Account-wide","1.58","133.07","370.01","{""scope"":""account"",""reliability"":""strong"",""sampleSize"":26,""creativeCount"":39,""eligibleCreativeCount"":26,""spendBasis"":27731.73,""purchaseBasis"":221,""weightedRoas"":1.62,""weightedCpa"":125.48,""medianRoas"":1.58,""medianCpa"":133.07,""medianSpend"":370.01,""missingContext"":[]}",,"{""evidenceSource"":""live"",""trustState"":""live_confident"",""previewWindow"":""ready"",""baselineReliability"":""strong""}","{""campaignContextLimited"":false,""deploymentCompatibility"":""limited"",""deploymentTargetLane"":""Scaling"",""commercialTruthTargetPackConfigured"":true,""commercialTruthMissingInputs"":[""Country economics are not configured for the live decision window."",""Site health and stock pressure constraints are not configured.""],""businessValidationStatus"":""unfavorable""}","2026-04-25T22:20:32.480Z","2026-03-27","2026-04-25"
"pr65","company-08|company-08-account-02|company-08-campaign-03|company-08-adset-04|company-08-creative-09","company-08","company-08-account-02","company-08-campaign-03","company-08-adset-04","company-08-creative-09","true","campaign_and_adset","ACTIVE","ACTIVE","510.71","8","16105","4.13","63.84","3.73","44.02","3","3922","4.13","account","Account-wide","1.58","133.07","370.01","{""scope"":""account"",""reliability"":""strong"",""sampleSize"":26,""creativeCount"":39,""eligibleCreativeCount"":26,""spendBasis"":27746.35,""purchaseBasis"":217,""weightedRoas"":1.58,""weightedCpa"":127.86,""medianRoas"":1.58,""medianCpa"":133.07,""medianSpend"":370.01,""missingContext"":[]}",,"{""evidenceSource"":""live"",""trustState"":""live_confident"",""previewWindow"":""ready"",""baselineReliability"":""strong""}","{""campaignContextLimited"":false,""deploymentCompatibility"":""limited"",""deploymentTargetLane"":""Scaling"",""commercialTruthTargetPackConfigured"":true,""commercialTruthMissingInputs"":[""Country economics are not configured for the live decision window."",""Site health and stock pressure constraints are not configured.""],""businessValidationStatus"":""unfavorable""}","2026-04-25T22:20:32.480Z","2026-03-27","2026-04-25"
"pr65","company-08|company-08-account-02|company-08-campaign-03|company-08-adset-05|company-08-creative-10","company-08","company-08-account-02","company-08-campaign-03","company-08-adset-05","company-08-creative-10","true","campaign_and_adset","ACTIVE","ACTIVE","447.05","6","13962","4.33","74.51","9.84","41.81","4","4965","4.33","account","Account-wide","1.58","133.07","370.01","{""scope"":""account"",""reliability"":""strong"",""sampleSize"":26,""creativeCount"":39,""eligibleCreativeCount"":26,""spendBasis"":27810.01,""purchaseBasis"":219,""weightedRoas"":1.59,""weightedCpa"":126.99,""medianRoas"":1.58,""medianCpa"":133.07,""medianSpend"":370.01,""missingContext"":[]}",,"{""evidenceSource"":""live"",""trustState"":""live_confident"",""previewWindow"":""ready"",""baselineReliability"":""strong""}","{""campaignContextLimited"":false,""deploymentCompatibility"":""limited"",""deploymentTargetLane"":""Scaling"",""commercialTruthTargetPackConfigured"":true,""commercialTruthMissingInputs"":[""Country economics are not configured for the live decision window."",""Site health and stock pressure constraints are not configured.""],""businessValidationStatus"":""unfavorable""}","2026-04-25T22:20:32.480Z","2026-03-27","2026-04-25"
